이름,우편번호,주소,주소상세,전화번호,이메일
김영일,65063,경상남도 영월군 영동대거리 736,정웅한타워,017-989-4828,eunjuca@example.com
박현우,67730,전라남도 속초시 양재천771가 697 (미숙윤박마을),영순윤홍마을 459호,011-911-8843,gyeonghyi42@example.org
임정순,03384,전라북도 안산시 단원구 선릉가 227,선영박마을 S동 062호,054-340-7364,gimyeongho@example.org
손상훈,21364,울산광역시 용산구 잠실가 434-18 (은서이이읍),영환이연립 Z동 333호,041-108-9014,gimsujin@example.org
배경수,76346,경상북도 안양시 역삼길 229 (순옥안김리),은서이아파트,031-668-2182,jeongmyeongja@example.com
김채원,28350,광주광역시 영등포구 백제고분533거리 703-58 (승현오리),명숙김마을,032-567-4744,ihyeonju@example.net
윤은정,64410,대전광역시 중구 영동대로 888,정자김타운 G동 299호,053-360-4944,seoyeon01@example.com
백미영,00622,세종특별자치시 금천구 선릉가 985,정희김빌라 I동 629호,053-337-8712,si@example.net
최영희,06151,대구광역시 동작구 논현길 154,은정박최타워,017-234-4904,jinu34@example.org
박도윤,98869,충청북도 성남시 수정구 선릉23길 611-16,준호전백마을 R동 640호,055-917-0960,hwangjinu@example.net
한현숙,98752,광주광역시 서초구 양재천04로 189,수민오마을 M동 425호,031-896-1758,jiasin@example.net
박지은,82845,서울특별시 송파구 학동955거리 172-53,미영이타운 K동 093호,044-488-8583,mijeong15@example.com
김지원,91386,경기도 삼척시 반포대로 427,현정이아파트 414호,018-753-0707,gimyeongsu@example.net
김미숙,23749,인천광역시 강서구 논현004가 802-99 (경희한유리),수진김강타운,033-298-4074,hasujin@example.net
서지후,55055,대전광역시 강남구 테헤란696길 776 (서윤김동),시우오류아파트 E동 731호,010-6962-9080,hyeonui@example.com
이정웅,03983,충청북도 남양주시 압구정99길 631,정수김홍타운 214호,053-594-0140,seonghun23@example.net
박성훈,86175,경기도 여주시 학동31로 124-1,미경김아파트 19동 259호,016-441-8861,jiu14@example.com
서은주,08659,인천광역시 성북구 도산대가 809,영철김서타운 V동 956호,054-056-5795,yeongiljin@example.net
이숙자,05906,세종특별자치시 서구 언주길 358-13 (영자고리),정자김한타워,054-141-6428,coejimin@example.org
이수진,92843,충청남도 화성시 도산대286길 449-60,도윤김손빌라 O동 955호,02-5096-0517,minseog37@example.net
박은정,00154,충청북도 안양시 동안구 서초중앙거리 263-24 (서영구면),민서민타워,044-030-1861,jeongung48@example.org
박민준,49621,대구광역시 노원구 압구정4가 317,정숙이양타워,017-174-7732,yeongho44@example.com
박지원,01196,전라북도 고성군 선릉84길 596-49 (영순민김동),현숙류김빌라,052-554-3675,seongsugim@example.org
윤예은,65539,울산광역시 강서구 가락4거리 780-54 (서윤조송리),민서김이타워 266호,063-139-2295,mca@example.org
이영숙,32929,충청남도 청주시 상당구 가락38로 59 (순옥황마을),순자이양연립 H동 809호,054-675-5802,junhyeog51@example.com
김윤서,45066,인천광역시 동대문구 반포대59로 590 (승현황김읍),아름박이연립 U동 835호,016-473-2265,usugja@example.net
이예준,55211,전라남도 속초시 오금324길 958 (현정김김마을),춘자이빌라 337호,043-750-4993,iyeeun@example.net
이미숙,01536,경기도 음성군 언주로 395-28,정순윤연립 319호,064-732-3826,jinugim@example.com
이서윤,87491,대전광역시 중랑구 선릉76로 893-34,은주조연립,043-541-6509,coejuweon@example.com
윤성수,13233,서울특별시 노원구 테헤란로 43-34 (건우김김리),성수김안타운 604호,070-0915-6683,minsu57@example.org
강지현,09038,울산광역시 강남구 압구정655길 880,승현강마을 715호,043-019-2648,ihyeonu@example.com
안예지,47336,부산광역시 북구 봉은사3가 지하492,영식김마을 453호,055-006-1864,sanghyeonbag@example.org
조예은,36854,세종특별자치시 마포구 테헤란22거리 지하581 (정웅진김마을),은정손빌라 606호,054-402-6281,eunseoyang@example.org
정도현,55002,대전광역시 강서구 서초대로 540,보람김빌라,031-887-1433,xo@example.net
조옥순,89848,대구광역시 마포구 역삼1가 646-40,지현홍김연립 바동 117호,042-156-5078,hgim@example.org
박경수,99476,경상남도 군포시 역삼56가 514-37,정남김타워 C동 086호,042-033-7735,imyeongsug@example.com
김미경,67756,경기도 수원시 권선구 역삼0로 188,영진양타운 435호,064-759-4454,fryu@example.org
윤순옥,85652,대구광역시 관악구 논현2로 194-51 (영일양리),서현이김마을,053-961-4133,ci@example.org
이재호,32426,경상북도 금산군 영동대가 620,미숙권타워 다동 634호,051-410-1826,andohyeon@example.com
김상훈,61732,광주광역시 송파구 잠실거리 564 (서준김리),서영이박아파트 783호,051-227-7538,ecoe@example.net
조지현,69744,인천광역시 성동구 서초대길 158-50,현주김최마을,016-713-3566,jihunna@example.com
양민재,56575,전라북도 용인시 가락길 927,영미이타워 724호,070-4460-6011,gweoneungyeong@example.com
최은서,22920,전라남도 천안시 동남구 석촌호수03가 527-86,상훈김손마을 Z동 593호,032-846-4224,gyeongsu36@example.net
김성민,53530,인천광역시 서구 강남대39로 지하132,선영고박아파트 T동 758호,044-607-2628,syun@example.net
이병철,77853,광주광역시 성북구 역삼22길 310-73,영진김성타운,042-780-4844,jeonghogang@example.com
이정자,32850,전라남도 부천시 오정구 오금로 975 (정식홍지읍),정숙이타워 727호,063-516-0102,sugja14@example.net
김중수,59976,제주특별자치도 인제군 봉은사443로 215-96 (성수심성동),준혁이고타운 726호,055-575-0645,ihyeonji@example.net
이정식,98203,경상남도 화천군 강남대거리 465-36 (정희김박동),경자나타운,070-6297-0892,kbag@example.com
이승민,50033,서울특별시 강북구 영동대61길 407,보람박타운 008호,018-045-4313,coeyeongmi@example.com
최지연,03660,광주광역시 중구 삼성로 918 (지원최면),영순구전아파트 219호,033-360-0886,yunseogim@example.org
한유진,42771,전라북도 용인시 처인구 반포대로 476 (수빈이면),광수김타운 345호,053-375-9105,jodonghyeon@example.com
박영숙,94444,제주특별자치도 용인시 수지구 가락로 273-81 (성훈김면),지후이마을 958호,055-488-7046,minseog42@example.net
권예지,34724,대구광역시 동작구 학동93가 726-93,정훈김윤타운 가동 140호,031-613-2519,oseoyeong@example.org
김선영,28210,전라남도 제천시 역삼길 61,승현유이타워 X동 117호,018-757-0279,gimseoyeong@example.net
황지은,13303,대전광역시 노원구 선릉8길 504 (정순박허면),영미김타운,061-103-9866,imyeongja@example.net
홍정남,22663,대전광역시 동대문구 테헤란499거리 393-28 (은주이동),주원임배타워,064-780-9660,gimjihun@example.net
이정웅,14653,경기도 당진시 잠실3가 188,은정김마을 Q동 027호,043-492-8719,minsugim@example.org
이영순,05826,제주특별자치도 청주시 서원구 석촌호수245가 336 (지후주동),은정이홍타운,019-501-4400,jeongsun12@example.org
유예원,41158,광주광역시 종로구 도산대로 998 (주원이리),은지김마을,011-846-0534,gimseonyeong@example.com
안예원,99384,광주광역시 용산구 양재천936길 지하498 (정훈차면),재현김김타운 580호,070-9154-8998,hyeonjungim@example.org
배주원,43884,경상북도 의정부시 선릉가 265,민서김타운 C동 197호,061-177-1361,ijuweon@example.org
박성현,50558,충청남도 광명시 삼성775로 565,성호이이마을,061-038-1570,yunseo36@example.com
박명자,44031,전라북도 성남시 중원구 오금로 332,수민강빌라 630호,011-883-9026,cunjasim@example.com
김미숙,85253,전라남도 금산군 선릉로 683,준영김노빌라 W동 520호,051-948-3022,jihyeon26@example.net
최서영,19728,인천광역시 북구 잠실114거리 242-25 (준영이면),정숙박박아파트 Q동 333호,011-671-3837,ihyeonsug@example.com
김정자,26635,대구광역시 강북구 잠실가 지하215,경숙박타운 T동 999호,016-989-1870,heosugja@example.com
박영식,79642,대구광역시 금천구 삼성가 363 (승현최읍),건우백박연립,044-581-3899,hgim@example.com
김현준,04714,인천광역시 용산구 선릉로 281-77,정식김류빌라 292호,010-9056-9962,ygim@example.net
박우진,18243,충청북도 화천군 역삼가 515 (동현최서마을),승현손연립,052-793-4560,xi@example.net
서광수,26779,전라북도 평창군 역삼6가 232 (정호배조리),은지장이타워 A동 030호,055-386-0816,yeeuncoe@example.org
박은주,54197,전라북도 수원시 서초중앙로 607,지혜양고연립 H동 192호,043-374-7594,ggim@example.com
강정수,66051,전라북도 안산시 영동대길 177-39,동현손최빌라,011-617-0842,minjunhan@example.net
백주원,90258,부산광역시 광진구 압구정44거리 211-86,영호홍빌라 194호,02-5797-6366,junyeong90@example.org
전시우,82784,부산광역시 구로구 삼성길 348-16 (상현황김읍),민서류타운 101호,010-4167-0938,simyeonghwan@example.com
곽현숙,38297,울산광역시 서대문구 석촌호수319거리 575 (지후박면),성훈권타워 086호,062-321-4865,bagjiu@example.org
송수민,40461,인천광역시 영등포구 테헤란4로 26-72 (영일최김면),상훈김임아파트 R동 045호,042-830-0210,wi@example.net
이영식,07952,강원도 화성시 봉은사가 620,건우강타운,033-362-7775,jiayang@example.org
김시우,42913,울산광역시 강서구 오금899가 지하84 (숙자김읍),종수김빌라 589호,010-8386-4696,jimini@example.org
김정수,43182,부산광역시 강동구 도산대로 388-36 (서현박이면),건우장연립 479호,010-6439-2277,msong@example.org
박성수,16180,충청북도 오산시 테헤란0가 지하54 (성수엄최리),예진엄아파트,043-461-3349,hyejin52@example.org
김윤서,97061,충청남도 동해시 백제고분가 901-41,정훈이구마을,042-232-1148,seunghyeon29@example.org
권춘자,10742,대전광역시 강북구 개포27거리 861-83 (서윤김동),채원김타운,055-615-9337,jiubag@example.org
김미영,81653,광주광역시 은평구 강남대길 376-64,하윤하박마을,041-383-5086,gimjihyeon@example.org
이시우,63135,제주특별자치도 예산군 서초중앙73거리 지하211,성현이타운 541호,031-912-7752,zyang@example.net
김영수,96110,대전광역시 동작구 역삼길 60 (우진김최면),명자최빌라 909호,043-012-1649,tgim@example.net
최민수,83732,울산광역시 양천구 오금1가 149 (예원박읍),서연김김타운 Q동 896호,032-883-2719,jongsu46@example.net
이재현,17348,대구광역시 중랑구 영동대로 440-41,상호권빌라 G동 734호,011-001-8195,yeongsunbag@example.net
김지원,14742,충청북도 영동군 영동대35길 504 (은정한박리),민석김안타운,054-683-6721,seojunhan@example.com
김지아,01501,광주광역시 은평구 학동길 548-33 (성현이한리),승현박임연립,054-819-1414,zgim@example.org
김상현,52550,세종특별자치시 강북구 선릉62로 518 (영숙이엄읍),종수이마을 794호,017-893-5009,areum42@example.com
이은영,75698,전라남도 음성군 백제고분73로 665 (상호류황동),민서최연립,043-479-4637,hbag@example.com
장영일,19730,충청북도 부여군 압구정949로 487 (우진손김리),지후김박아파트 636호,017-868-5078,jeongja90@example.com
박성진,65517,대전광역시 동작구 강남대거리 504 (상훈권김동),상호김이타운 S동 126호,032-423-9214,seungmingim@example.net
장성수,88463,인천광역시 북구 백제고분201로 758,은지윤이마을 472호,02-3066-1456,gimujin@example.net
김수진,58447,제주특별자치도 계룡시 오금거리 571-65 (미정이면),영숙이정마을 459호,019-623-1371,boram80@example.com
김예원,05616,강원도 안양시 만안구 백제고분거리 353-67 (성진박면),하윤김타워,031-030-1387,jieuni@example.net
민옥순,82606,전라남도 보은군 선릉2로 지하684 (보람최김리),숙자최빌라 S동 417호,042-238-3997,yeongsighan@example.net
김혜진,64999,경상남도 시흥시 백제고분거리 339,민수박타워 004호,070-5359-2649,minjaehwang@example.org
고건우,14645,경기도 속초시 잠실가 960-64,춘자박타워 P동 169호,032-640-1458,wgim@example.org
박건우,29126,세종특별자치시 중구 테헤란572가 526 (수빈김김동),도현권남빌라 480호,019-081-2237,jihunhwang@example.com
남미정,52103,경상남도 금산군 잠실9길 914 (승현양마을),지혜이김타운 T동 702호,010-1671-6431,gi@example.com
이예진,62029,광주광역시 은평구 양재천길 44-82 (지원조이마을),영식이연립 C동 426호,064-737-6347,ygim@example.com
이선영,30740,전라남도 용인시 언주41길 지하265,승민이타워 819호,070-7745-9922,ii@example.com
안예진,24646,강원도 안산시 단원구 학동721로 954-4,지후김빌라 349동 680호,018-058-5059,yangjeongsig@example.org
김종수,26127,세종특별자치시 강동구 반포대502거리 431,경숙김타워 318호,02-3671-3213,sunja12@example.com
배재현,37570,광주광역시 도봉구 봉은사길 696-45 (정숙허면),영자조타워 T동 173호,043-247-1547,baejihu@example.net
안예준,69877,제주특별자치도 청주시 청원구 선릉거리 62-66,서연송타운 다동 159호,019-167-7910,minseog51@example.org
이은경,49178,경상남도 태안군 개포5거리 185 (영철김박동),춘자양아파트 734호,018-283-7094,jbag@example.com
이광수,38262,서울특별시 강서구 압구정40거리 98,동현김타운 298호,062-572-7223,sugja07@example.com
김영숙,75752,충청남도 여주시 영동대로 지하545,경수류빌라,033-996-6709,anyeongsig@example.org
강민준,77443,충청남도 고양시 잠실2길 555-19,병철하아파트 나동 315호,062-346-4733,minsusong@example.net
박광수,77935,경상북도 공주시 가락가 636 (영자김이동),우진김빌라 바동 608호,033-857-2199,ganggwangsu@example.net
고상호,43977,충청북도 화성시 도산대가 164,영철송류타운 464호,018-859-3409,hongyunseo@example.org
김수민,30347,대구광역시 종로구 삼성거리 695-82 (지은이마을),지후이아파트 141호,054-847-4634,subingim@example.org
심하은,08843,강원도 수원시 권선구 양재천455로 104 (지우문동),현숙최빌라 039호,043-946-8184,xcoe@example.net
강상호,33003,인천광역시 성동구 압구정가 213,정희양강빌라 347호,062-213-0060,yunseo93@example.com
김순옥,82094,강원도 고성군 압구정거리 793,지혜이강아파트 185호,052-877-3723,boramsin@example.com
최경수,01344,세종특별자치시 북구 언주로 지하565 (경수황이동),준영지빌라 998호,054-458-5854,byeongceol86@example.net
고서현,38739,경상남도 서천군 언주가 982 (미정이장마을),정희이이아파트 090호,010-8024-6402,jangjihyeon@example.com
박경수,62470,세종특별자치시 동대문구 학동995가 171-81 (현준최백동),정남박빌라 C동 366호,018-024-5123,myeongja26@example.com
윤성훈,20201,부산광역시 영등포구 역삼19거리 230 (지원박김동),정호이마을 L동 762호,011-001-3434,jiabag@example.net
김수민,65089,강원도 성남시 석촌호수85거리 지하195 (명숙최읍),서연곽타워 953호,041-390-0794,dohyeongim@example.com
이명자,53290,부산광역시 중랑구 개포가 853-37 (경수이진면),진호김이아파트 435호,02-3977-9551,jeonghyi29@example.com
이경희,78749,전라북도 고양시 덕양구 가락길 497-10 (미숙김읍),민석김타워,052-724-5767,iyeonghyi@example.org
김은영,23914,울산광역시 금천구 영동대가 3 (정희박리),준혁장아파트 327호,063-333-9803,ryujeonghun@example.org
성지영,15248,충청남도 강릉시 테헤란576가 674-80,미숙김타워 712호,042-535-3372,iareum@example.com
안유진,88969,광주광역시 광진구 가락거리 175 (선영안읍),정수황김타워 O동 576호,055-573-0813,dohyeonbae@example.com
정성민,67625,울산광역시 관악구 학동50로 549-62 (지아이동),정희박빌라 240동 387호,033-983-8843,gimseonyeong@example.net
이민석,88134,충청남도 청주시 서원구 테헤란011로 945,성현민아파트 339호,016-206-9268,hongyejun@example.org
박은경,65953,울산광역시 양천구 양재천55로 940-7 (지아이읍),지혜김연립 X동 680호,017-362-1908,eunjii@example.com
윤아름,92723,충청북도 제천시 역삼3가 50,진호이나연립 Y동 559호,011-542-3978,yeongsugbag@example.com
최순자,67605,경상북도 안성시 서초대2가 842,수빈김서타워 N동 540호,033-937-9269,gyeongja86@example.com
최진우,02412,부산광역시 은평구 압구정8로 614,미경김마을,010-6966-7004,simcaeweon@example.net
박선영,43200,세종특별자치시 종로구 백제고분91길 351 (승민장이면),상현김타운 654호,02-2221-7712,yeeunjang@example.org
이민서,65375,인천광역시 강북구 압구정길 222-38,시우강타워,02-5951-5469,oryu@example.org
우춘자,28041,울산광역시 강북구 논현가 638,정순김김빌라,061-192-7837,yeongsig94@example.org
구영수,19503,울산광역시 양천구 논현395거리 35-81 (경자김김리),성호이타워 T동 890호,063-261-4063,ryujeonghyi@example.org
최승현,00784,충청북도 화천군 학동로 402-10,은주이박타워,019-659-0451,jeongjabag@example.org
이병철,23174,경상북도 예산군 언주084로 745,민지양우아파트 Y동 874호,061-034-3374,doyun27@example.net
안경수,95048,경기도 인제군 석촌호수269길 328,지민서마을 마동 004호,011-453-2607,yeongjamun@example.com
이민준,40094,전라남도 양평군 서초중앙길 지하739,영숙남김타워 955호,063-269-7457,seoyeongu@example.org
진성수,07871,경기도 서산시 개포331가 284,성민심한타워,043-497-0242,pgim@example.com
김진호,62629,전라남도 성남시 중원구 역삼3거리 100 (정숙이한마을),지우박이타운,018-617-5742,yunyeonggil@example.com
류하은,45526,경기도 고양시 일산서구 도산대길 947-43 (아름김장리),진우이마을 430호,052-925-2212,kgim@example.org
홍상철,16970,광주광역시 용산구 영동대거리 137-26,성수김윤아파트,052-085-5994,junseocoe@example.net
안재호,10540,인천광역시 금천구 언주032가 지하992 (옥순박동),진호김송아파트 X동 709호,042-220-0393,sunja54@example.org
김예은,29972,충청남도 안성시 테헤란2가 지하893,영순최권연립,044-384-6891,yunsubin@example.org
김지영,02406,경상남도 김포시 영동대로 6,준호박아파트,011-936-3800,seojuni@example.com
김종수,57385,대구광역시 금천구 선릉로 158,동현배타워 788호,063-677-2568,jangminjun@example.org
이숙자,78789,제주특별자치도 충주시 논현길 667-47 (정숙곽리),민준이송타운,018-136-2529,siubag@example.net
송진우,42261,충청북도 용인시 수지구 백제고분길 219-86,현숙안타운 620호,062-752-3583,yeonghwan17@example.com
성정수,09062,전라남도 강릉시 학동길 412,하윤오타워 447동 144호,063-484-3563,wseong@example.net
김영희,10786,대구광역시 강동구 학동3로 282-9,승민김연립 E동 605호,031-941-6622,eunjeongji@example.com
김혜진,43073,강원도 고양시 일산서구 오금로 423-80 (미숙임면),명숙한아파트,02-0995-9958,myeongja56@example.org
지정호,50470,전라북도 음성군 영동대101길 205-9,채원유빌라,017-932-1517,jiyeong54@example.net
이정자,19069,광주광역시 성북구 가락330로 지하821,명숙이양연립 I동 023호,019-416-2478,subin22@example.com
김동현,82216,경기도 충주시 서초대86길 373-46 (종수김윤리),경자송마을 083호,043-951-5002,kson@example.com
김종수,58253,경기도 서천군 서초중앙079로 249-31 (승민엄동),경수박박마을 라동 063호,042-142-9734,hwangmijeong@example.net
이수진,88213,울산광역시 강북구 도산대가 81-27 (하은박김마을),정훈김빌라 345호,053-297-3762,hyeonsughan@example.net
양준영,26237,울산광역시 강남구 석촌호수길 318-73,민석박김타워 K동 091호,011-260-3405,cgim@example.org
박숙자,87979,부산광역시 종로구 언주로 지하672 (영길백리),정호최김마을 E동 313호,044-002-4638,ogsunbae@example.org
이경수,59738,제주특별자치도 동두천시 선릉34길 지하336 (은영이면),영미최이빌라 D동 088호,019-336-6036,yeonghwancoe@example.net
김정남,56528,대전광역시 종로구 강남대05거리 190-46,민서김김타워,070-8781-4165,bagjinu@example.com
강명숙,21821,세종특별자치시 강동구 도산대거리 237 (지민김강읍),예은박타워 010호,055-378-2194,hyeonji22@example.org
김재현,67731,서울특별시 종로구 학동1길 873,미영박마을 300호,010-6031-3214,fno@example.net
강현숙,80957,경상북도 광주시 선릉길 210,은정한김빌라 바동 898호,043-921-3551,coeyeji@example.org
윤진우,30116,세종특별자치시 동대문구 강남대로 781 (종수박면),지민황마을 Z동 975호,016-715-0874,baghyeonju@example.com
김성훈,09772,울산광역시 서초구 언주4길 591-88 (미정김김동),예지박조아파트 199호,070-1424-7132,bgim@example.net
김영일,20212,세종특별자치시 동대문구 도산대50가 970,서연백빌라 W동 871호,010-0342-3075,nhan@example.com
임성현,46446,제주특별자치도 화성시 선릉01가 42-80,은주임타운,051-190-9720,cunjagim@example.net
황종수,31400,경상남도 홍천군 가락거리 539,하은오마을 H동 887호,018-455-7724,gujia@example.org
김도윤,61574,충청남도 강릉시 학동길 344-77,선영송김타운 G동 440호,032-502-9227,eunji84@example.net
고영진,49760,서울특별시 금천구 학동23길 476-68 (지민이리),은서최아파트 E동 257호,062-492-9846,pi@example.com
김명자,81413,경상북도 연천군 역삼가 18 (정숙김마을),명자박마을,051-459-9230,icaeweon@example.com
김은영,46023,강원도 태백시 서초대40가 844,지영김연립 C동 607호,053-388-5658,miyeong57@example.org
이종수,96803,경상북도 성남시 중원구 가락305로 284,건우박황타운 N동 607호,044-380-5770,iyeongsu@example.com
김건우,64289,경기도 부천시 소사구 삼성거리 553 (명자이동),건우권이타워,042-576-7044,seohyeon93@example.net
홍정숙,94281,충청북도 원주시 양재천로 지하170,성민차김타워 A동 273호,031-071-0721,yuneunseo@example.com
김성수,11524,충청북도 안양시 만안구 선릉340길 지하485,정식김나타운 A동 771호,062-193-9942,hyeonsug43@example.net
김유진,37125,인천광역시 동대문구 양재천로 964,선영윤손마을 142호,054-348-7139,fbag@example.org
류영숙,59349,대전광역시 은평구 도산대65길 548,서연김임아파트,031-873-6537,gimeunju@example.net
백아름,69310,대전광역시 동작구 학동가 405,영식강홍마을,061-876-4099,gimjeongho@example.org
이정숙,77889,부산광역시 용산구 개포308가 283-84,영숙권빌라 740호,018-902-9972,eunseo74@example.net
이수민,16862,경상북도 공주시 테헤란11거리 754-16,하윤김김타운 315호,044-567-8415,coeyeongsig@example.com
장지현,49791,경상남도 서천군 오금03로 633,은서김김연립 나동 508호,019-483-3801,li@example.org
김도윤,05816,서울특별시 강동구 서초대로 지하323,영진양최타운 다동 929호,033-669-9571,wi@example.net
이수진,86890,부산광역시 양천구 서초대460거리 105-99,성현김연립,016-843-0429,gimhyeonjun@example.org
이경수,63446,충청북도 공주시 압구정682로 922-79 (정식서면),재현이타운 S동 594호,054-764-1381,myeongjaca@example.org
권우진,49822,전라북도 춘천시 삼성38길 지하953,영희주타워 B동 038호,011-707-1910,yeji16@example.org
이성수,92822,전라남도 고양시 삼성가 41 (현우송동),은영황김마을 959호,02-9656-9011,abag@example.com
김채원,82343,광주광역시 동대문구 석촌호수734거리 지하641,준영이이타운,011-395-2654,egim@example.com
류정희,01118,제주특별자치도 양주시 오금길 749 (민수송동),명숙김연립,042-162-4570,anjiweon@example.net
김지원,63784,경기도 논산시 서초중앙13길 423-51 (준서김읍),수빈김연립,016-283-3838,yeongsiggim@example.net
문현숙,26636,경기도 의왕시 오금8거리 772-63,중수김주아파트,044-895-0749,yeongjai@example.net
최현주,52181,강원도 용인시 가락416거리 784-95 (아름이읍),종수박이연립,070-9202-1804,jiweonha@example.org
김옥순,44826,제주특별자치도 의정부시 서초중앙1가 677 (승민이리),영진강이타워,041-903-0300,igim@example.com
오춘자,39632,충청남도 광주시 봉은사3로 429-77 (영순이마을),주원이홍타운,032-581-1845,icunja@example.com
이상철,37343,강원도 태백시 삼성거리 870 (예은이이읍),서윤류아파트 G동 271호,019-902-2798,juweon57@example.net
박광수,15750,부산광역시 강서구 선릉00로 지하46 (예지박윤읍),옥순홍타운,032-478-7605,ci@example.com
오은정,55331,세종특별자치시 관악구 논현길 129,경숙최박빌라 S동 440호,011-468-3219,ai@example.com
김도윤,12007,전라남도 용인시 개포3로 186 (민석김박리),영미박타운 V동 526호,010-4433-4460,agang@example.net
강영환,90749,인천광역시 송파구 역삼가 780,영호김타워 H동 292호,044-787-1189,gimyeongsu@example.net
이아름,91160,경상남도 속초시 반포대길 43,예은이이아파트,041-769-2400,seongsu08@example.com
구민지,10463,세종특별자치시 중구 반포대10길 771,성호김권연립,053-880-3998,pgim@example.net
김상호,10174,광주광역시 종로구 삼성거리 51 (서준양손읍),경희윤타워 693동 243호,053-640-3355,jeongungbag@example.com
류정숙,32584,인천광역시 송파구 잠실로 808-95,성훈김마을 다동 693호,032-385-6148,pson@example.org
김예지,85312,세종특별자치시 서대문구 잠실9길 74,준영이권빌라 F동 012호,031-309-5896,boram89@example.org
강민수,35618,경상북도 용인시 처인구 역삼로 지하487,민재박김빌라,070-1857-2512,jiyeon87@example.net
지아름,68671,제주특별자치도 구리시 잠실거리 961,미숙오마을,02-5045-0256,caeweongang@example.com
김수민,08629,세종특별자치시 강서구 양재천43거리 318,동현성김타워 가동 078호,032-510-7067,gimgeonu@example.org
권진우,61456,전라남도 횡성군 석촌호수10거리 527,예진황연립 가동 940호,061-809-9282,ijongsu@example.com
윤서윤,29176,대구광역시 마포구 반포대60거리 800,정훈김김아파트,055-579-1609,munyeongil@example.net
정준호,89497,충청남도 영동군 역삼가 776,정호고타워 B동 662호,043-446-3102,yeongceol04@example.com
김정훈,54340,부산광역시 중구 서초대가 130,민재배강타워 164호,044-240-9056,yeongmi48@example.net
김지영,61555,전라남도 강릉시 영동대로 201 (민석조마을),옥자이연립 L동 570호,032-983-9591,sanghungim@example.org
장민재,40135,울산광역시 강동구 테헤란가 155-18 (현숙박동),상철김연립 K동 920호,052-597-1981,boram46@example.net
이준영,44447,전라북도 삼척시 백제고분가 583,춘자손이아파트,044-177-5438,jihu07@example.net
서상호,04571,제주특별자치도 청주시 흥덕구 가락가 103 (성현고읍),영철최마을,061-536-1070,jiyeonyun@example.com
김예진,25474,서울특별시 강동구 개포893로 지하981,미경윤김빌라 162호,043-008-3553,jimin28@example.com
이옥자,10231,대전광역시 송파구 잠실가 963 (현우오김마을),도현강마을,019-622-1454,gimminsu@example.net
김명자,29744,충청남도 여주시 언주045길 811 (하윤김김리),지원김양아파트 마동 913호,070-9308-2994,hyejin15@example.org
류정호,04176,강원도 계룡시 테헤란로 705,정웅이김빌라,061-152-4482,eunyeong41@example.net
문승현,28011,서울특별시 동구 오금15로 198-37,미경최아파트 C동 433호,042-362-6015,coejeonghyi@example.com
홍영숙,01087,경기도 아산시 석촌호수06길 728,은주이이마을 848호,054-189-8290,gimminsu@example.com
홍정웅,47351,경상남도 용인시 기흥구 언주298로 532 (은주이동),지영이연립,031-176-8345,yeongmigim@example.net
김지혜,45666,충청남도 수원시 팔달구 서초대1거리 676-30 (지우장이마을),지은이마을 472호,018-660-3591,ogim@example.com
최정식,81309,대구광역시 종로구 도산대로 873,준혁허마을 490호,016-613-8003,myeongsuggim@example.org
김준영,66508,강원도 홍천군 백제고분8길 486-63,지원박김타운 나동 717호,042-526-5579,ngim@example.net
김준서,83001,경상남도 청주시 서원구 오금거리 113,재현이타운,042-139-6309,gseo@example.net
한현준,98827,제주특별자치도 인제군 테헤란13가 893 (영수임이리),은주김진타워 817호,018-683-9317,sujini@example.org
유중수,82396,울산광역시 영등포구 테헤란92가 164,정자허오빌라,016-979-6610,yunyeongho@example.org
차성민,78619,세종특별자치시 금천구 도산대6거리 237-58 (지영나박동),주원조이빌라 O동 156호,018-394-6893,seojungim@example.org
박은서,76232,광주광역시 마포구 개포9거리 80-12 (보람김동),재호한박타워 271호,070-9943-1211,gi@example.com
양성민,16545,경상남도 안양시 강남대로 731 (서준이리),현숙이김마을 B동 980호,053-811-2781,yejin93@example.com
이은서,51225,광주광역시 서초구 오금91길 650 (하윤이리),정호김타운,055-550-7235,anseungmin@example.org
김예원,16047,경상남도 성남시 중원구 삼성81로 821,옥순송타운 Z동 505호,044-739-0204,vjang@example.net
류민석,17632,충청북도 영월군 압구정25길 247 (지아하오읍),은정김김마을 321호,019-883-4707,hbag@example.org
박은지,92339,인천광역시 구로구 봉은사558가 781,명자김장빌라,070-9117-1945,byeongceolyun@example.net
한재호,61812,광주광역시 성동구 석촌호수595길 967-2,서연박연립,051-661-7061,jangyeonghyi@example.net
백영길,33207,세종특별자치시 양천구 언주1길 197-97 (현준김손리),서윤이타워,064-782-5189,migyeong69@example.org
김재호,53193,제주특별자치도 원주시 역삼가 515,진호김장연립 295호,063-222-5201,jihu38@example.net
이정자,64340,전라남도 단양군 백제고분05가 120-14 (도윤양리),순자이빌라 라동 904호,033-088-4465,ijunhyeog@example.net
조정숙,46872,인천광역시 북구 언주길 107 (정훈박이리),재호류연립 966호,055-376-1132,oi@example.net
김주원,54359,부산광역시 마포구 테헤란가 95-35,영진김이타워,042-013-1880,isumin@example.net
김영순,10870,제주특별자치도 화천군 역삼8길 지하461 (우진박전마을),민지김마을 O동 905호,031-440-0399,seongho94@example.net
이영길,87533,대구광역시 성동구 반포대가 779 (진우최김면),현지이서타운 N동 950호,054-688-0629,anseongho@example.org
김정순,20869,경상북도 수원시 장안구 영동대33길 973-39,영자박타운 Y동 915호,053-668-0840,donghyeonsong@example.org
이현숙,50661,전라북도 연천군 양재천0가 703 (영진류김면),영순강아파트,055-625-0675,areum83@example.org
이혜진,92677,강원도 수원시 장안구 잠실길 740 (동현김양동),영길송마을 081호,044-838-9389,gan@example.net
김준호,15747,전라북도 철원군 학동로 827-18 (도윤이송읍),수빈박이빌라,02-6973-1371,subin50@example.com
조지훈,94560,강원도 청양군 언주거리 237-80,민석진이마을 099호,010-8473-9246,obag@example.org
장시우,96307,세종특별자치시 중구 선릉가 지하124,진호주한타운 Z동 024호,070-6371-3233,fgang@example.com
구수민,43475,충청남도 고양시 일산동구 삼성900가 707-18,도윤김박타운 633호,031-424-3780,hwangyunseo@example.org
김지우,46355,전라남도 부천시 백제고분거리 510,미정류빌라 308호,016-852-9015,mijeongmun@example.org
김지은,19662,경상북도 평택시 양재천103거리 217,지은심빌라 518호,043-171-7058,seonghogim@example.org
이수빈,72893,대구광역시 강동구 양재천2길 305-85 (경수이박동),성호김타워 다동 420호,051-682-0149,minji65@example.net
박종수,66039,세종특별자치시 은평구 오금18길 4,지아서마을 나동 261호,041-541-7487,gimjihu@example.org
김영수,50435,부산광역시 남구 압구정로 597 (아름박민마을),영숙이아파트 769호,011-455-9084,anyeongsun@example.net
양영길,59086,경기도 충주시 언주거리 지하214 (미경심곽읍),도윤이류아파트 002호,054-946-8046,ryueunji@example.org
김주원,49323,충청북도 청주시 청원구 오금로 129-12,우진양박연립 나동 578호,017-696-1757,coeminseo@example.org
김정훈,11926,충청북도 정선군 영동대길 114,지우이김빌라 069호,033-494-3770,yeonghyi41@example.com
곽우진,58647,강원도 안성시 논현5가 620-43 (서영임이동),수빈김연립 I동 067호,041-320-9116,pi@example.com
김상훈,85984,경상남도 금산군 백제고분43가 509-45 (지아홍김면),미숙강황연립 231호,017-176-8269,sangceolgim@example.com
김현지,17313,경상남도 수원시 팔달구 서초대673길 763-36,예지서마을,019-599-5542,hyeonjun07@example.org
서지혜,67691,광주광역시 광진구 압구정길 658,보람류김마을 866호,042-312-8114,hyeonsug66@example.com
양미정,45576,경상북도 고양시 덕양구 역삼가 171-56 (수민윤면),순옥이박빌라 Q동 300호,053-587-4537,ieunjeong@example.com
최광수,81116,전라남도 가평군 논현길 770-87,수빈서연립,010-9309-9309,ryuseoyun@example.org
이순옥,31624,전라남도 안성시 반포대18가 802,광수최연립 823호,064-729-7403,bseo@example.net
한옥자,53974,충청남도 수원시 팔달구 압구정거리 587-40 (경자이이동),정수허연립 783호,017-048-8630,dohyeon06@example.org
이은서,48339,전라남도 화성시 언주210가 325 (영일이박읍),예지박이마을 756호,011-749-7300,jeonghun30@example.net
이순자,78256,경상북도 안양시 동안구 삼성47길 647,숙자양마을,017-642-4764,haeunjang@example.net
이영식,31084,인천광역시 북구 선릉거리 417 (지원김면),정순박김빌라,043-814-1715,coeminjun@example.com
노영자,31752,인천광역시 노원구 오금거리 440,춘자김빌라 G동 437호,051-071-4413,jihugim@example.org
백지영,10565,울산광역시 송파구 역삼53가 309-91 (현주한마을),성민남하연립 L동 769호,055-035-5967,bagseoyun@example.com
김정수,27112,전라북도 용인시 수지구 논현거리 지하744,우진강타워 403호,016-472-8571,ti@example.net
이예은,59849,울산광역시 마포구 석촌호수가 916-33,지영최마을 K동 527호,070-7256-1373,cgo@example.com
심정순,05443,대전광역시 광진구 잠실84가 20-55,명숙김이빌라 868호,043-213-0263,kgo@example.org
김영일,46520,경상북도 청주시 청원구 도산대7로 335,지후서아파트 642호,041-815-3256,kcoe@example.org
김숙자,12788,서울특별시 구로구 석촌호수0가 989 (정자윤이읍),은주김이마을 P동 051호,070-9329-3136,gimjiyeong@example.org
이광수,08508,울산광역시 동구 영동대8거리 지하121 (명숙김송읍),정훈강우빌라 가동 204호,062-845-6012,jiui@example.com
박동현,01789,전라남도 수원시 장안구 봉은사거리 지하771 (영미박한동),하은류오마을,051-097-6790,sunjao@example.org
이재현,21008,전라북도 광주시 서초중앙가 지하667 (영철김동),진우유배연립 131호,02-7253-2142,seoyun85@example.com
김수민,94571,경상북도 서천군 역삼길 522 (은경양마을),미영주이타운 Q동 712호,051-713-8717,yujin64@example.net
윤민지,56297,충청북도 보은군 도산대거리 329,경희심남아파트 409호,031-363-4952,ijinho@example.net
서예은,66119,울산광역시 관악구 서초중앙921거리 79,아름서이타워,02-2710-4346,sangho27@example.net
장옥자,40124,대전광역시 강북구 역삼로 160-97,정자오아파트,031-988-2522,migyeong27@example.com
우지혜,68167,세종특별자치시 광진구 석촌호수872로 지하644,서현윤빌라,041-372-3123,iyejin@example.com
이준영,37806,인천광역시 동작구 잠실15거리 516 (선영김홍동),채원성최마을 R동 357호,041-956-9387,qjang@example.net
황준서,11721,서울특별시 관악구 서초중앙거리 854,재호김빌라 282호,052-749-7574,gyeongjai@example.com
김준혁,81034,서울특별시 은평구 역삼747거리 923,은서노송아파트 바동 244호,064-720-9231,sanghogim@example.com
한동현,03510,인천광역시 동작구 양재천71가 590 (예원박장리),서윤송타운 457호,011-607-1693,hyejin91@example.org
황정수,98438,충청북도 양평군 봉은사길 지하529,준혁최양빌라,053-995-9055,imiyeong@example.net
이영순,63375,충청남도 화천군 테헤란가 882-43,수진김박빌라 015호,061-932-0709,eunyeong45@example.net
하주원,87136,충청남도 진천군 테헤란가 456 (예원이박면),영수이김타운,016-942-4404,kjang@example.org
김은지,97301,서울특별시 북구 역삼4길 84-65,현우이이타워 T동 924호,042-294-8147,gimsujin@example.net
김미영,48579,부산광역시 양천구 선릉265로 233 (아름김동),순옥김타운,053-970-8566,rjeong@example.com
문도현,33998,부산광역시 동대문구 석촌호수가 482,정남이타워,011-071-6804,jiyeoni@example.net
이민수,40728,광주광역시 남구 언주03로 21-44,현정이연립 441호,051-243-3522,hanyejin@example.com
이종수,28560,대구광역시 은평구 오금길 319 (명숙김박마을),영환이마을 052호,061-263-3397,nayeeun@example.org
류예지,74792,경기도 예산군 언주거리 지하224 (채원박최읍),현주강최타운 352호,054-009-5880,seoyuni@example.net
나준혁,95486,강원도 서산시 반포대5길 951,현준최이타운 L동 896호,061-959-0391,seonghogim@example.net
장민지,02170,강원도 삼척시 도산대4가 35-94,건우이빌라 579호,016-590-3199,aneungyeong@example.org
이경수,60222,충청남도 철원군 석촌호수길 지하763,상현최마을,055-390-9175,imhyeonu@example.org
강정남,66045,경상남도 수원시 영통구 영동대079거리 288,옥자김마을 357호,061-447-8129,xgo@example.org
김성진,64084,세종특별자치시 서대문구 서초중앙거리 112,병철한송타워 다동 044호,052-948-6123,dha@example.org
신종수,99534,울산광역시 금천구 학동64로 555-3 (민석송동),현우허강빌라 776호,043-091-3378,wyun@example.net
권유진,22597,대구광역시 강북구 오금3로 552 (준혁박리),정남김김연립 360호,062-093-9258,gimseunghyeon@example.org
윤현우,11240,대전광역시 강남구 반포대길 지하88 (옥순김읍),준영김마을 029호,062-053-4177,pgim@example.net
이정숙,46430,경기도 서산시 서초중앙가 948-47,성진박박아파트 D동 186호,016-513-6309,coesanghyeon@example.org
주하은,13942,전라남도 춘천시 양재천998길 지하571 (준혁김마을),준혁이연립 890호,032-197-6496,hgo@example.net
박상철,94540,경상남도 안산시 상록구 백제고분292가 759 (진우김읍),정숙김마을 665호,019-039-9763,seoyeonbaeg@example.net
이영호,12480,인천광역시 마포구 잠실5로 101,영일권이타운 701호,02-1879-7806,minseog16@example.org
김춘자,29525,전라북도 오산시 역삼길 289-55,미영이타운,064-709-0607,vi@example.net
오민지,80671,제주특별자치도 용인시 기흥구 테헤란길 지하941,민지박이연립 나동 730호,02-0471-2031,zi@example.net
윤진우,38200,강원도 파주시 도산대231거리 453 (예진류박동),순자진연립 451호,052-397-8581,minji45@example.com
김영숙,56929,부산광역시 동작구 삼성7가 102 (승민최면),건우이마을,041-379-8477,zgim@example.com
김지우,42652,울산광역시 중구 서초중앙337길 171-24,정남김한타운 871호,062-100-7412,jihyeongim@example.net
박주원,33472,대구광역시 북구 삼성5가 지하526 (현우김임면),승민장김마을,055-094-9335,noyeeun@example.org
박예원,87593,경상남도 안양시 동안구 개포9거리 359,경자박차타워 R동 739호,064-743-7717,ljang@example.org
최영식,01643,광주광역시 북구 개포로 지하272 (서현안황리),현주황타운 F동 346호,041-946-0469,gweonseongho@example.net
김예진,18890,울산광역시 금천구 도산대거리 553-7 (광수김박동),우진이이빌라 989호,010-6473-4277,gimyeongho@example.org
이지연,10263,부산광역시 성북구 반포대16로 600-86,광수박김마을 C동 337호,062-761-3370,heohyeonjeong@example.net
이예원,17763,경상북도 삼척시 양재천가 171,영진김박마을,033-672-1519,yeongsug97@example.net
김서윤,15890,경상남도 용인시 처인구 역삼길 593,지영김박아파트 329호,02-7325-6665,gimareum@example.com
곽수민,28815,부산광역시 서대문구 강남대017길 321,혜진박빌라 마동 408호,055-805-2978,rhwang@example.com
이은영,40009,제주특별자치도 영월군 삼성343거리 968-19 (지은문면),지은윤박타운,042-026-8198,minseo20@example.com
박정식,16626,충청북도 영동군 선릉40거리 837 (예은박면),정호홍타운,044-146-7359,ocoe@example.net
이은정,44599,충청남도 평택시 언주6로 432 (춘자김최읍),현정이타운 U동 162호,042-168-6639,so@example.net
최정식,76986,경기도 양평군 논현666로 556-14 (서영노읍),지혜김이연립 234호,053-135-9698,sanghyeon43@example.org
윤성훈,95256,경상남도 영월군 서초중앙79가 997-2 (선영김손읍),경수박타워 436호,051-232-8466,sryu@example.net
윤미숙,81723,광주광역시 중랑구 개포가 833-72,은정박윤타워 008호,033-074-3965,li@example.org
장준혁,42506,경상남도 고양시 석촌호수가 843-37 (현정최심면),미정양이빌라 361호,051-109-5430,vi@example.net
이지후,63603,서울특별시 강남구 논현883거리 279,지현이문아파트 마동 712호,055-727-1044,yujin36@example.net
박성호,65751,제주특별자치도 평창군 테헤란거리 153,지연한빌라,064-773-9594,bgang@example.com
최예지,66940,강원도 영동군 개포거리 729,승민이타운 Z동 612호,02-0761-4158,eunyeong53@example.com
정준서,25391,광주광역시 서대문구 반포대102로 496,지원홍차빌라 L동 387호,02-8371-7773,gimhyeonjeong@example.com
이수진,69343,전라남도 평택시 개포거리 511,정훈이타워,031-225-3051,enam@example.org
김상철,70919,전라남도 삼척시 오금로 645-94,성현최타워,051-111-2142,coesugja@example.net
최지은,48377,서울특별시 강서구 논현가 236 (정호김이읍),서연김타운,043-132-7230,fgim@example.net
고옥순,71891,울산광역시 영등포구 도산대가 799-12 (명자손동),영호최배연립,061-515-7869,whwang@example.com
한민석,78314,서울특별시 중구 압구정508로 486-91 (재호이김마을),윤서나김타운 바동 836호,070-0616-5749,gimyeongmi@example.com
박재현,19925,울산광역시 강서구 백제고분가 117-1,영자김연립,063-568-1813,isanghyeon@example.com
이지민,24961,대전광역시 중랑구 언주8길 65-47,도윤홍빌라 A동 064호,063-031-7087,qcoe@example.com
황지혜,42636,대전광역시 관악구 석촌호수가 212,영순손이타워 나동 319호,042-150-9160,junho30@example.org
강지현,59138,경상북도 가평군 반포대31거리 354,영철배빌라,019-754-8598,subini@example.com
윤성진,78905,경상남도 논산시 학동가 746-52 (영진박마을),은지권최타운 G동 392호,041-636-0610,boram47@example.net
안지우,65616,대전광역시 중랑구 양재천98거리 363,영철김타워,052-324-7080,ko@example.org
배서준,57529,서울특별시 종로구 논현229길 905,정자김김타워 038호,064-728-1238,gweongyeonghyi@example.net
강미경,75810,강원도 고양시 덕양구 양재천67가 50 (민석이읍),영수류빌라 K동 450호,062-128-0282,hyeonjugim@example.org
김윤서,51435,경기도 부천시 소사구 도산대51길 135-19 (정자김마을),민준허빌라,055-259-2376,gyeonghyigim@example.net
김지아,18294,경기도 고성군 강남대로 408-56,영희김윤타운,016-771-3074,hcoe@example.com
황영식,09254,울산광역시 노원구 가락9길 52-52,지아송박빌라,019-114-7619,jangsugja@example.org
최성진,38531,강원도 영동군 봉은사거리 201-16 (하윤허리),하은김타운 366호,054-774-7910,jiweonbag@example.com
최경숙,01043,광주광역시 송파구 논현로 지하595,정호김윤타운 548호,043-085-3899,coeminsu@example.org
박영식,22387,강원도 고양시 강남대3로 443,예원이노아파트 라동 666호,011-888-9269,nohyeonsug@example.net
곽채원,63482,전라남도 양주시 백제고분045로 317,민서양김빌라 269호,017-078-9250,hanyeji@example.org
진영환,87135,강원도 홍천군 영동대97거리 237-27,영진박아파트 Q동 549호,017-607-6306,jeongnam85@example.net
이영길,31926,서울특별시 성북구 선릉로 479 (정식이최면),영철신타워 945호,010-9900-5166,fhan@example.net
이순자,39077,충청북도 영동군 선릉4로 189,미경한박연립,032-286-5186,gyeongsu69@example.com
박성민,93672,부산광역시 강북구 도산대거리 161,지후김연립,041-613-2923,hongsiu@example.org
김영환,96247,충청남도 고양시 오금거리 348-15 (은영진면),하은곽황타운 376호,070-1460-8659,iyeonggil@example.net
김도윤,62912,인천광역시 용산구 오금거리 436,도현윤타워 190호,063-918-4759,yujin79@example.com
이준서,61997,전라남도 양주시 잠실가 624-89 (은영박리),정수강마을 Y동 310호,053-669-6218,jeongsu75@example.org
최수빈,35850,인천광역시 광진구 학동42로 지하15 (지민한동),영철박정연립 891호,010-6360-1515,dohyeon75@example.com
이숙자,52245,울산광역시 동대문구 가락가 620,정훈성빌라 H동 161호,018-178-4302,ei@example.org
안서윤,52191,울산광역시 강남구 양재천805로 347,지민박구아파트,063-282-3567,kgu@example.org
최서준,23506,인천광역시 강북구 석촌호수22로 454-1,영일이홍마을 U동 739호,043-508-8342,ieunjeong@example.org
하은서,01614,경상남도 의정부시 봉은사8거리 103 (민지박김동),숙자박백타워 바동 767호,031-050-2472,jiao@example.com
이정자,73091,제주특별자치도 화천군 강남대47거리 276 (재호김김동),영진우이빌라,02-2799-3826,jeongsui@example.net
김혜진,64254,경상남도 이천시 영동대26로 지하317,민서이마을 I동 016호,016-732-4196,rbag@example.com
우지연,39693,전라남도 성남시 분당구 역삼567가 729-67 (순옥이한리),서연이마을 922호,061-954-9132,pbag@example.net
이정호,57214,인천광역시 영등포구 반포대61로 838 (영자박리),정훈김문연립 752호,032-534-5657,minseoi@example.com
윤정식,64115,부산광역시 서구 잠실거리 지하631 (현주이읍),지후강이빌라 U동 067호,052-553-4049,fi@example.net
박정수,16605,충청남도 용인시 처인구 삼성길 511,수민최김아파트 다동 012호,043-410-5430,seongmin43@example.com
이정웅,73242,대전광역시 송파구 삼성33가 243-30,은경오타운 029호,064-719-3798,jongsui@example.net
류영길,38964,서울특별시 강서구 언주22로 267 (영순김마을),채원이타운 H동 587호,032-393-9647,gimseonghun@example.org
양서영,50961,대전광역시 금천구 언주550거리 799-25,은서오김타운 705호,062-544-7579,juweonan@example.com
홍지원,99825,전라북도 충주시 개포가 808 (경숙김하마을),재현안이마을,044-708-5824,minji95@example.org
김주원,77114,경상북도 논산시 선릉거리 424-58,서현윤마을 C동 419호,053-805-8748,iyeongja@example.net
송민준,50488,제주특별자치도 가평군 잠실로 354 (민서박마을),민수박김타워,062-450-5289,jieuni@example.com
박성현,00735,울산광역시 동작구 선릉로 928,은영박한마을 572호,031-109-6214,jieungim@example.com
임지은,95811,인천광역시 관악구 서초대길 909-19,시우류이마을 904호,042-679-8862,heoseoyeon@example.net
송영호,58498,부산광역시 서구 영동대길 89,현준김김아파트 X동 791호,051-756-8396,minseogcoe@example.org
김미영,53910,경상북도 부여군 도산대로 539 (상현김박읍),미경지차연립 S동 848호,018-836-0820,jungsucoe@example.com
한하은,12507,경기도 수원시 권선구 서초중앙81길 96 (중수이곽읍),지영양타워 331호,033-437-0242,yeongsui@example.net
이현정,04135,대전광역시 북구 도산대로 71-97,영수심연립 513호,053-274-5319,sujingang@example.com
권준호,15170,광주광역시 강동구 영동대로 196,미경박아파트,019-234-0853,hgim@example.com
이은경,91149,경기도 고양시 일산동구 역삼거리 371-89,우진김연립 442호,062-599-2840,minseo82@example.org
이주원,31658,경기도 정선군 영동대58길 지하633,재호최최아파트 591호,052-361-1198,jinhoi@example.net
이진우,61351,서울특별시 강동구 석촌호수거리 53 (미정서이마을),정수심정연립,061-752-0004,yi@example.com
박영숙,52328,서울특별시 중구 가락9길 721-72,선영허연립,064-733-0305,jiyeoni@example.net
강영희,19072,충청남도 서천군 도산대457길 329-67,지현배타워 631호,051-128-2691,bi@example.org
정서윤,04516,인천광역시 도봉구 오금9길 387-26 (정호김동),서준박빌라 다동 792호,064-777-0372,yeonghwani@example.com
고현우,61299,충청북도 괴산군 논현로 63,미숙장타운 E동 902호,011-980-2908,yeongmino@example.com
김현지,60415,전라북도 김포시 테헤란10길 지하427 (예준이리),서준윤최빌라,019-632-1852,gi@example.com
장지현,82945,전라남도 양양군 가락가 783,정남나아파트,017-726-1839,gimminjae@example.com
김예진,45986,전라남도 가평군 가락로 700-74,민지김타운 537호,016-431-4357,jeongho70@example.com
오지우,21091,전라북도 춘천시 역삼로 228-89 (수빈우윤마을),경수박타워,031-266-7804,io@example.com
박지혜,99577,경상북도 고양시 언주거리 811 (미영김김면),은주이아파트 T동 803호,051-592-9478,bagsumin@example.net
민지후,56313,충청남도 시흥시 학동가 725-42 (영환안최동),영희김연립 248호,062-450-5865,sanghoyun@example.org
박민서,95479,부산광역시 성북구 삼성길 248,혜진김아파트 V동 745호,032-794-8778,junhyeog29@example.com
배주원,01437,경상남도 김포시 개포31거리 지하95,현주김타워 634호,063-340-2919,ui@example.com
노성민,97986,경상북도 논산시 영동대거리 145-94 (지영성면),정순홍아파트,016-135-2977,lo@example.com
노지민,76534,부산광역시 마포구 가락길 51,정숙장타워 214호,041-328-4869,minjuni@example.com
박지민,68614,울산광역시 노원구 강남대가 386 (경숙강권동),은서허윤타워 709호,017-780-0905,vi@example.org
김유진,62750,울산광역시 성북구 삼성거리 598-57,성민이연립 A동 140호,018-500-0364,seohyeonca@example.com
이경수,32508,충청북도 파주시 반포대01로 676,정남김타워,055-222-3470,gimjungsu@example.net
황예원,38292,제주특별자치도 수원시 영통구 테헤란393거리 272-61 (정순송고동),경수이마을 002호,017-599-6512,minjaegang@example.com
박예원,82670,경기도 파주시 석촌호수길 80,채원문타워,063-482-1255,sanghyeon74@example.net
김도윤,59021,울산광역시 종로구 백제고분26길 40-63,정식김타워,016-460-2107,bseo@example.com
이병철,10863,경기도 논산시 오금74길 583,은경김빌라 M동 984호,02-7047-6774,gimyeeun@example.com
손승현,70963,강원도 성남시 분당구 석촌호수76거리 304,은경김빌라 111호,053-758-0954,ihyeonjun@example.org
강병철,08676,제주특별자치도 의왕시 역삼길 490-47,숙자지이빌라 나동 614호,063-190-9401,hyeonjeongyun@example.com
류정자,58718,경기도 부천시 오정구 테헤란4거리 883-4,서준김타워 085호,016-812-7869,agim@example.net
장성현,53449,대구광역시 북구 서초중앙09길 지하765,상철이마을,032-513-3011,myeongja70@example.org
김상철,70165,전라북도 속초시 영동대가 69-19,수빈김이아파트 557호,042-864-6042,yuneunyeong@example.org
구민재,95353,충청남도 안산시 상록구 오금가 111-7 (서연홍김면),도현백타워,053-502-7657,coedoyun@example.net
김영자,01937,광주광역시 광진구 테헤란로 809-63 (영환전리),서연김타워 418호,018-543-7171,bi@example.com
지서현,92057,전라남도 횡성군 도산대가 831-91 (도현홍김읍),영일박빌라 60동 304호,018-386-4420,misughong@example.net
강성진,86940,인천광역시 양천구 잠실7거리 980-99 (예은오김동),채원김마을,062-849-4722,zo@example.com
김성수,33898,경상북도 안성시 역삼로 945 (준서엄김면),상호윤이빌라,032-528-7146,seoseonghyeon@example.com
김도윤,79906,대전광역시 서초구 가락길 949-71 (예은김마을),병철장타워,055-916-0431,yeongsu40@example.com
김정수,58457,충청북도 안양시 서초중앙034로 423,지후손타운,032-883-0900,bagsubin@example.org
김예준,61743,인천광역시 서초구 테헤란길 951-33 (지우강김면),영호김타워,031-257-4662,jeongsungim@example.net
이영진,83175,인천광역시 양천구 영동대045거리 470-69 (재현김읍),지원김김연립,054-357-0419,seoseoyeon@example.com
이영진,63338,광주광역시 강서구 개포711가 171,하은김마을 91동 401호,063-768-7505,hyeonju22@example.net
김현숙,38583,대구광역시 중랑구 가락65로 803,수민김타워 339호,018-227-8471,yeongsu69@example.net
김미경,87074,광주광역시 마포구 백제고분370길 869 (영일김읍),영철김마을 465호,016-883-7124,jimin12@example.net
류도윤,77775,인천광역시 강동구 석촌호수18길 526 (준혁이동),도현황아파트 734호,052-429-9804,jungsu02@example.org
권지훈,21794,인천광역시 강서구 석촌호수001길 584-50,민석서윤연립,051-479-4517,gimseojun@example.com
김숙자,00670,서울특별시 용산구 백제고분가 457,은정오김타운 Y동 239호,063-816-4571,simseonghun@example.com
김서연,07586,전라남도 증평군 봉은사037길 982,정숙강서아파트,054-223-9845,hyeonjui@example.net
황지은,27753,서울특별시 강서구 도산대거리 지하914 (민재김이마을),현정이이연립 V동 505호,052-181-4768,ujang@example.net
이지후,47656,충청북도 태백시 강남대943길 989 (종수허동),성진김아파트 바동 702호,017-712-7541,cunja75@example.net
이영미,03128,충청북도 안성시 석촌호수6거리 932 (종수최마을),서준이안아파트 224호,032-058-1667,yeongmigim@example.com
윤재호,64953,대전광역시 관악구 오금7거리 64-93 (현준우면),지후최타운,033-161-6802,yunseo25@example.net
곽선영,62712,충청남도 부천시 양재천2거리 698-48,옥자김서마을 140호,02-7761-2026,yeonggili@example.com
안은주,06983,부산광역시 북구 양재천0가 245,은서노박마을 210호,052-145-8152,xyun@example.org
이현지,80475,울산광역시 영등포구 봉은사83거리 727 (예지최면),수빈조마을 마동 117호,011-551-4511,gimgwangsu@example.org
김영미,87112,세종특별자치시 성북구 석촌호수가 355-49,도현나아파트 543호,042-430-5922,gimseonghyeon@example.org
김진호,41663,부산광역시 양천구 삼성05길 18-34 (동현양김동),서준김연립 071호,018-741-5138,sunja82@example.org
박건우,77064,전라남도 가평군 언주929길 295-18,현숙박타운,02-2784-9607,yeongsugbag@example.com
오수빈,83645,울산광역시 북구 석촌호수71길 711,현지김류빌라 O동 055호,011-093-5445,gimyeongsun@example.org
김숙자,79650,부산광역시 도봉구 압구정9로 743 (예원이배읍),보람이타운 702호,051-658-1277,tgim@example.com
이민석,71803,광주광역시 서대문구 선릉457가 538 (숙자노신마을),혜진이손연립 마동 591호,044-628-9177,cheo@example.com
정정숙,78926,울산광역시 중랑구 언주9가 723 (지훈안리),경희김타워,016-881-0312,imisug@example.net
김경희,93868,충청북도 수원시 장안구 서초중앙632로 324,지원김김빌라 W동 214호,044-403-2900,junhyeog82@example.org
민혜진,96289,울산광역시 서초구 압구정065로 941-82 (민수박마을),시우김연립 800호,02-2639-3407,jeongsun16@example.org
최정호,06217,전라남도 안산시 상록구 언주255로 768 (승현이박읍),지훈권빌라 마동 615호,054-212-5915,isangceol@example.net
김순자,24594,전라북도 안양시 동안구 역삼82거리 984 (예원노이면),도현박연립 662호,054-867-9949,gimmijeong@example.org
진춘자,42952,충청북도 보령시 백제고분길 818-81,주원류이마을 706호,033-289-9362,vgim@example.org
김경희,25682,충청남도 강릉시 반포대로 지하306 (영호이이면),하은진연립 979호,051-468-1328,vyang@example.net
김영식,06325,대구광역시 강동구 학동626가 170-91,서윤김타운,018-931-4720,hyeonjii@example.org
이미경,82014,경기도 옥천군 백제고분322가 332 (준영윤김면),정순송김마을,063-138-0968,bagseoyun@example.org
이정호,51810,인천광역시 강동구 논현29거리 880-33,성호최빌라 250호,016-761-0398,myeongja04@example.org
김정자,18986,충청북도 천안시 동남구 서초대595로 813 (민준김박읍),현우이김마을,052-777-0001,seoyeonsim@example.com
김상호,15452,경상북도 인제군 양재천2거리 244 (정훈서리),정희남빌라 419호,011-926-0622,sangho87@example.org
이수진,75618,세종특별자치시 도봉구 논현거리 810-26 (지혜박마을),지현황배마을 H동 554호,055-944-8532,ijiu@example.org
박지은,45868,대구광역시 양천구 언주64로 267 (현준최동),상호윤빌라 O동 714호,031-544-0811,vu@example.com
노준호,00274,부산광역시 서대문구 압구정거리 499-38,정훈류아파트 495호,011-422-8287,seongmin46@example.com
박서현,75607,세종특별자치시 서초구 가락18거리 165-29,정자김타워 014호,044-267-4473,vbae@example.org
최영식,83640,경상북도 청양군 학동16가 477 (순자이문마을),준서신타운 281호,010-5485-5844,haeunbag@example.org
박성호,66301,대구광역시 강북구 봉은사568로 90,미정김김타운,055-372-7288,jiai@example.net
박영일,26443,대전광역시 송파구 도산대595거리 321-41,영희윤타운 라동 417호,032-865-6395,seonghosin@example.com
박수민,22589,울산광역시 성동구 봉은사6가 525,정순장연립 959호,011-923-3170,iyeongil@example.net
이종수,64895,광주광역시 노원구 삼성14길 64 (예원이마을),채원이타워 178동 067호,051-607-4935,jiyeon08@example.net
권은정,61348,광주광역시 금천구 압구정길 504 (도현류면),보람양마을,054-203-0686,baggyeongsug@example.net
하준영,88532,전라남도 남양주시 봉은사가 994 (정남김최면),지후박아파트 176호,063-120-7388,sunogseo@example.net
안성수,23219,부산광역시 북구 선릉33길 833-8,명숙신김타운 036호,042-614-1075,sangho85@example.com
이현숙,82621,제주특별자치도 태백시 오금거리 350 (민서최이마을),선영김아파트 Q동 562호,063-996-8508,sangho55@example.com
오정남,81802,경상남도 춘천시 학동295가 지하27 (민지손리),선영노아파트 952호,061-072-2537,jiyeoncoe@example.org
이지훈,29801,충청남도 충주시 양재천거리 448-7,상호김빌라 C동 467호,063-268-0789,ogim@example.net
김시우,51172,인천광역시 강남구 삼성길 867-51 (수민김동),현주이타운 V동 447호,070-7603-5627,ibag@example.com
홍준영,98508,세종특별자치시 종로구 논현34가 788,지훈허윤빌라,062-469-7554,hbag@example.net
고중수,42667,충청북도 괴산군 삼성길 736,병철최마을 960호,055-194-6899,gimseongho@example.net
최현준,60288,울산광역시 중랑구 백제고분거리 870-7,미영고이마을 D동 112호,055-619-6295,jieun07@example.org
송예지,53935,부산광역시 도봉구 오금길 지하157 (정자김면),정남이김빌라,016-018-7084,hjang@example.com
박진우,88040,인천광역시 강남구 봉은사로 692-5,지현김빌라 603호,052-098-1179,ai@example.com
김예지,42160,전라남도 안성시 서초중앙362로 667 (정수김박동),순옥최연립 731호,063-706-5395,yeongceoli@example.org
오성수,11539,대전광역시 중랑구 양재천12가 34 (영수이이마을),준혁김타워 089호,044-190-8624,ebag@example.com
김예은,70366,부산광역시 성북구 영동대길 34,예준김이아파트 181호,031-913-4300,seongho28@example.com
김영진,10023,서울특별시 동구 언주9로 140,예원정타워 B동 927호,042-369-0355,nji@example.org
윤건우,99014,울산광역시 광진구 테헤란로 894 (보람김리),서현엄빌라 F동 428호,051-865-2766,seoyungim@example.net
최은주,43164,전라북도 보은군 서초중앙가 43,은정이빌라 O동 104호,042-814-3208,jiyeon45@example.net
곽민석,81599,경상북도 부천시 원미구 가락가 지하730,수빈김아파트 930호,053-767-8155,jinsiu@example.org
박진우,42211,충청북도 군포시 도산대길 314 (예진이동),광수백마을 789호,010-6965-9534,ihyejin@example.net
정지아,65916,제주특별자치도 하남시 테헤란길 지하106 (준혁김오동),진호이허빌라 H동 812호,032-541-2521,eunjigim@example.com
이은서,66248,울산광역시 동대문구 삼성길 158-26 (재현심이동),현숙한김연립,016-715-9513,jihu45@example.org
이예은,11421,서울특별시 종로구 양재천727길 564,상철장연립 M동 222호,070-7426-0907,gimjiyeon@example.net
최정웅,41038,충청북도 아산시 삼성길 지하661 (지현한김읍),지현김박타운 551호,011-430-7239,sgim@example.com
백미경,11275,대전광역시 남구 개포6거리 98 (하은이김동),아름김타운 G동 757호,011-121-4893,yeongilyun@example.net
엄미영,09786,경상북도 안산시 단원구 압구정거리 969,선영김연립 B동 157호,051-766-5667,jeonjeonghun@example.org
지명숙,59122,인천광역시 동구 양재천607로 지하810,준영이박마을 K동 789호,051-476-6005,jihuni@example.net
김정숙,19934,대전광역시 강서구 강남대8거리 87-32 (영철심면),준서김연립 728호,018-418-7075,hyeonsug44@example.net
김상훈,83529,광주광역시 금천구 개포로 139,하윤권이아파트 295호,052-744-8362,hyejingim@example.net
김정순,46556,전라북도 삼척시 역삼로 190-15 (지원성손읍),현정권문타워,018-726-8259,yunseongjin@example.net
이민재,47562,경상북도 성남시 수정구 학동187로 563 (서준김마을),윤서이빌라 라동 769호,033-931-3305,ihyejin@example.net
김지은,42577,경상북도 진천군 개포7거리 401 (현준송김동),윤서박김연립,032-085-9707,minji60@example.net
이영순,18627,인천광역시 강남구 잠실19길 지하695 (예지노권읍),정숙이오타운,042-987-1336,hyeonui@example.org
이은영,35040,대전광역시 은평구 언주53길 484-50 (명숙박하면),혜진정김타워 I동 383호,017-433-4044,jihunbag@example.org
황현주,07810,경상북도 가평군 도산대89거리 467,미정오타운 632호,017-513-8390,agu@example.com
안정숙,88867,강원도 용인시 처인구 언주거리 355-18,지연김아파트 588호,062-608-6821,mijeongseo@example.org
장민석,31882,서울특별시 송파구 삼성02거리 791-8,수빈이빌라 I동 836호,053-868-3507,jeongyeonghyi@example.net
신정순,92941,경기도 서산시 테헤란28거리 526 (영자안박마을),혜진윤손연립,016-032-0201,pi@example.org
엄승현,71910,대구광역시 중랑구 도산대길 657 (성진박리),유진김빌라 498호,032-026-3298,gimjieun@example.net
류경숙,07017,서울특별시 마포구 양재천로 259-34 (준영김이리),현정성양연립 834호,010-0595-2288,jcoe@example.com
이동현,37879,울산광역시 관악구 논현57길 899 (동현박읍),현우이이타워,052-918-8354,jeongnamsim@example.org
이민석,66820,전라남도 횡성군 논현30길 392,숙자박연립 628호,052-520-9559,yeongili@example.org
박준호,32321,대구광역시 중구 잠실38로 715,민서김아파트 705호,070-3014-9688,wheo@example.org
이도윤,53822,인천광역시 강동구 가락667길 943 (예준최김마을),현준이타워,011-627-3628,coemijeong@example.com
김민재,73264,세종특별자치시 중랑구 백제고분길 790 (진우곽마을),영숙권빌라,018-132-5836,iminseog@example.com
김영식,95230,전라북도 청주시 흥덕구 봉은사41길 953-52 (민지김동),은경김아파트 963동 872호,055-802-3632,baeyeongja@example.org
김광수,40872,대전광역시 광진구 선릉로 689-64 (민지최마을),민수허양빌라 878호,051-274-9655,ggweon@example.org
이진우,52671,인천광역시 관악구 논현거리 478,민준주박마을,017-108-5469,seongmingu@example.org
배민재,90222,광주광역시 서구 역삼로 128-66,준호안아파트,016-947-1567,seonghyeonbag@example.org
김예준,57964,인천광역시 도봉구 개포로 891-99 (명숙이면),영철이아파트,064-772-9341,bagseongho@example.com
오하은,91620,대구광역시 서대문구 역삼길 992,민준김마을 마동 031호,052-944-6936,jiajang@example.org
홍경자,67079,경상북도 청주시 흥덕구 개포49길 989-22 (지아박최읍),성훈장이타워 F동 807호,033-858-2586,seohyeon98@example.com
최승민,98287,충청남도 고양시 덕양구 논현387길 999,지민허마을,017-761-6258,myeongjagim@example.com
이민석,97736,인천광역시 서초구 서초대026가 540,선영김빌라,017-074-4953,hanyeweon@example.org
김승민,05682,대구광역시 서구 오금로 360-81 (은경권리),미경박아파트 163호,053-567-4006,seoyeong18@example.com
김순자,88368,제주특별자치도 평창군 역삼425길 276,준혁장마을,031-578-5654,seunghyeon56@example.org
이지후,87243,부산광역시 영등포구 봉은사168로 411-11,은주박이마을 A동 410호,052-530-6613,mhwang@example.com
박은영,81250,대전광역시 성동구 선릉29가 936-52,순자김아파트,016-729-8869,sanghyeonhwang@example.org
홍영진,50492,서울특별시 강동구 봉은사235로 지하310 (은정김동),정식김이타운 Y동 310호,070-8411-1566,eunyeong99@example.net
김영일,71816,제주특별자치도 포천시 백제고분1길 748-53,영철구빌라,011-518-6307,yeongsu99@example.com
허지우,02404,경상남도 하남시 봉은사가 25-67 (정호최리),성수최마을 H동 538호,054-927-9616,vgweon@example.com
조은지,04622,경상북도 용인시 영동대길 395-75 (미경지이동),서연최타운 537호,044-508-1178,vhan@example.com
최성수,95606,전라북도 용인시 강남대80로 52,주원양빌라,051-035-6917,minseoggim@example.net
이서준,75565,제주특별자치도 영월군 잠실0길 지하651,정순황김연립 450호,017-009-9981,bagdonghyeon@example.net
김예은,79500,대구광역시 동대문구 논현길 158-14 (진호이동),예준이정타워 K동 045호,011-980-8003,junyeongmun@example.net
오옥자,52012,세종특별자치시 종로구 도산대3가 18-1 (지원박김마을),명숙박김마을 024호,042-766-8823,gimminjae@example.org
김경수,58569,대구광역시 서대문구 잠실길 296,시우박박아파트 902호,043-782-4188,seoyun93@example.com
정영길,62423,울산광역시 남구 백제고분가 495,정순이나연립,054-632-7542,yeongilmun@example.org
김지아,69132,세종특별자치시 중구 가락036가 806 (도윤김홍리),영진김김연립,062-297-9486,ieunji@example.com
김서준,11496,세종특별자치시 영등포구 영동대8거리 761,준혁이황마을 C동 628호,032-525-0528,gimjihyeon@example.org
류민준,00514,대구광역시 중랑구 백제고분79거리 184-17,서현이타운 S동 598호,063-569-2063,gimmigyeong@example.com
이민석,52652,경상남도 홍성군 강남대길 690,상호김아파트 734호,043-651-7689,junyeonggim@example.org
박경희,98648,경상북도 구리시 삼성25길 901,영환박홍빌라,051-486-0665,junhyeog26@example.org
오상철,25135,서울특별시 강서구 잠실2길 420 (준호김김면),경자류연립 149호,052-567-9740,yeonghyi62@example.org
안우진,24071,전라북도 고양시 일산서구 봉은사512거리 295,서윤이이아파트,042-445-0009,yeongsunhan@example.com
김정순,77605,경기도 부천시 소사구 양재천로 591-61 (은주김마을),진우윤박연립 527동 579호,011-396-1352,byeongceol23@example.com
김선영,20470,제주특별자치도 옥천군 봉은사가 598,옥순김김타운 P동 384호,041-112-4052,subin26@example.com
우서준,73589,전라북도 군포시 도산대14거리 831-76 (지은김안면),서영박타운,017-743-5089,yseo@example.net
이도현,40379,부산광역시 북구 오금길 957 (미경박읍),동현김빌라 739호,033-836-3808,hseo@example.com
강도윤,49141,울산광역시 금천구 백제고분645거리 853-43,영철송이타운,051-815-3806,jeonghunbag@example.com
고상호,25897,인천광역시 노원구 서초대거리 640 (상현배장읍),수빈이아파트,018-369-8095,ygim@example.org
윤숙자,35523,경상남도 아산시 논현8로 311-52 (영환서읍),지후김최마을 B동 392호,062-914-8263,bagjimin@example.org
이정웅,05885,경상북도 안양시 역삼거리 4-13 (예지하면),정웅김타운,018-779-8273,seoyeong94@example.net
유경수,36571,부산광역시 성동구 잠실103로 97,성진주빌라 342호,017-783-8739,gimyeongsug@example.org
이서윤,06678,부산광역시 강서구 가락23가 353-23,준영김빌라 E동 512호,062-053-7108,zi@example.net
김서연,76162,제주특별자치도 수원시 언주0가 227,아름이타워 437호,042-456-8558,jyun@example.com
임숙자,53000,대전광역시 송파구 개포가 961-48 (상현김이마을),미경오타운 251호,070-1905-2065,gyeongsu95@example.com
성영자,20386,충청북도 용인시 처인구 서초대303길 576-35 (지은신읍),지아손연립 W동 203호,044-999-6639,gyeongja18@example.org
강서준,68958,대전광역시 은평구 도산대505거리 200,정훈김타운 437호,017-103-3992,seojunyun@example.net
민예원,90699,대구광역시 서초구 서초중앙로 730,지혜이마을 390호,016-490-4701,seoyeon47@example.org
양준영,68303,대구광역시 구로구 양재천8길 116-39 (정훈송리),상훈손연립,061-971-2766,myeongja78@example.net
안우진,42881,경상남도 옥천군 강남대8로 지하312 (성훈이정동),경숙이타운 865호,052-239-0076,egim@example.com
한민수,71652,충청남도 양양군 석촌호수33거리 220-75 (정희이동),영희송김아파트,042-927-9456,ijeongnam@example.net
김주원,72487,경기도 고양시 학동길 171-95,혜진이아파트 420호,018-043-9155,dohyeon46@example.com
김상호,33375,울산광역시 성동구 도산대로 519 (성호김면),지영오마을 O동 940호,042-390-5418,jieun16@example.org
강시우,91666,광주광역시 중랑구 선릉로 810-62 (은경김동),순자이박타운 K동 764호,017-491-2891,jiyeong19@example.com
장서윤,04095,세종특별자치시 강동구 오금로 522-82,지영최이아파트 266호,011-819-9898,sonogsun@example.org
황예진,65800,대구광역시 강동구 학동길 지하982,영수박김타워,064-752-4731,wgim@example.net
김영미,78501,충청남도 청주시 서원구 서초대로 179-23,보람김마을 F동 481호,062-373-9187,phong@example.com
박옥자,12456,부산광역시 중구 언주거리 481-46 (은주이송읍),우진김김타운 566호,031-842-3482,bagjinu@example.org
최정호,36060,전라남도 평택시 논현548거리 990-16,지후이빌라,033-734-7405,seonghun55@example.org
김현주,48633,전라북도 용인시 수지구 개포가 556,준혁이고빌라 154호,010-9601-6650,coemyeongja@example.net
배준혁,15511,부산광역시 강남구 테헤란193로 820-44 (민지안서동),서준임이타워 771호,011-314-4925,yeongjabae@example.net
김승민,72455,부산광역시 노원구 테헤란5길 232-95 (명숙오동),지후송김연립 M동 327호,061-018-1939,gyeongsugi@example.net
이예은,40635,강원도 태백시 언주가 139,경숙강김연립 547호,054-527-4002,jinho34@example.org
최정남,25864,강원도 안산시 상록구 석촌호수가 419,상철최타워 L동 475호,054-512-7367,eunjeong19@example.com
김성진,02079,광주광역시 성동구 서초대로 758-16,도현김양연립,051-728-6682,seoseungmin@example.org
우윤서,84592,충청북도 청주시 서원구 양재천867길 45-95 (경희김면),종수김이연립,053-927-2186,hanyeonghwan@example.net
김명자,18859,세종특별자치시 용산구 강남대로 98-93,진호안아파트,019-922-1465,minsu90@example.org
송경희,16045,경기도 천안시 서북구 백제고분거리 711,지원권빌라,044-385-1416,josunja@example.com
김현우,14669,대전광역시 강남구 테헤란가 지하809 (유진박박마을),재현최타워 778호,018-865-6493,jaehoi@example.org
배영미,34524,전라남도 홍천군 서초중앙167거리 504 (현주김이리),영식이김타워 446호,019-103-2806,jaehogim@example.com
류미경,09182,충청남도 시흥시 서초중앙619거리 684,지우김아파트,062-989-2573,jinu39@example.net
오성호,14589,경상남도 증평군 언주로 303-10 (수민손리),영식김김빌라 D동 769호,062-804-0405,gji@example.net
최정웅,71034,울산광역시 남구 양재천길 842,현지김타워 309호,018-942-0027,jihunjeong@example.com
김정식,29846,울산광역시 도봉구 서초중앙556가 478,정식박마을 162호,052-398-9780,ogja27@example.net
박상철,80302,울산광역시 중랑구 개포길 820-1,숙자이김마을,055-513-6957,jiubag@example.com
이현주,49796,울산광역시 강북구 개포337로 190-57,승현백마을 J동 706호,062-023-4108,haeunjeong@example.net
황재현,37596,경상북도 고양시 일산서구 반포대거리 703-7 (성훈이마을),정남김마을 I동 200호,019-617-5059,jeongseongsu@example.org
김미숙,85736,광주광역시 서대문구 백제고분로 537,숙자김타워 938호,053-994-1405,seoyun17@example.org
박민수,84721,울산광역시 은평구 도산대길 312-6,하윤서타운 B동 264호,017-716-8706,ogja11@example.org
박선영,91891,경기도 옥천군 백제고분235길 918-68 (정훈서김읍),지원이빌라 M동 164호,061-588-9159,djeon@example.com
오정자,25519,인천광역시 동구 압구정길 215,영숙김타운,041-236-5727,wan@example.org
손정남,92454,제주특별자치도 안양시 언주가 490,현주김김연립,053-868-1923,yejincoe@example.net
김상호,38559,경상북도 음성군 선릉430길 989-85 (보람이리),민수고연립,011-942-7553,minsugim@example.net
박건우,80776,경기도 당진시 영동대거리 52,지아김김빌라 711호,043-818-5108,coedohyeon@example.net
김영수,55021,강원도 강릉시 압구정길 751 (민준최손면),서윤김빌라 332호,053-596-1481,bagseongho@example.net
안예준,55560,제주특별자치도 천안시 서북구 역삼07로 226-9 (예준이동),현정김타워 C동 470호,02-8051-9189,si@example.com
박지원,19295,인천광역시 성북구 봉은사로 561 (상철김동),서영양최마을 285호,010-8009-3586,wgim@example.org
박예은,24510,경상북도 옥천군 가락69로 지하808 (민수김김리),수진김문아파트 나동 508호,019-761-7147,junho13@example.net
김중수,14890,충청북도 홍천군 양재천42거리 109-77 (숙자서박면),정남이타워,032-978-4792,minjun19@example.net
김지민,12385,제주특별자치도 용인시 수지구 삼성로 844 (진호문장면),준서이최아파트 643호,054-854-6318,sanghun14@example.org
이도윤,22853,울산광역시 종로구 강남대길 지하768,영철박안마을 바동 012호,02-5172-9712,minjun38@example.com
서서연,94628,서울특별시 중랑구 테헤란가 554-71,정수김빌라,016-395-2333,baggyeonghyi@example.net
김영순,26132,서울특별시 북구 선릉로 378,준호조연립,042-322-1514,jeongsug44@example.net
이지아,97218,강원도 구리시 논현가 736-84 (영자안리),현준윤이마을 B동 548호,044-486-5340,gimhyejin@example.net
오유진,23969,충청남도 괴산군 도산대110거리 713 (영진신마을),종수박마을 971호,011-665-9761,yi@example.com
이성현,05354,경기도 안산시 상록구 테헤란거리 549-40 (혜진김박동),상철이오타워 다동 948호,061-848-0178,li@example.org
강지연,37022,세종특별자치시 성동구 영동대로 955,현숙조마을,054-409-3070,eunyeong09@example.org
윤성훈,87370,부산광역시 광진구 서초대거리 지하263,건우이박빌라,054-544-2461,hyeonjun31@example.com
박미숙,19680,전라북도 평창군 양재천631거리 955,민지오이마을,054-698-5588,jiyeong04@example.net
조명자,00700,대구광역시 양천구 서초대길 492,영식이마을 26동 215호,064-797-9610,rmun@example.com
이순옥,78411,인천광역시 영등포구 서초대거리 760,민수박안아파트 880호,042-403-4497,ryujuweon@example.org
윤예원,25072,경상남도 춘천시 선릉735가 696,보람박김빌라 227호,018-532-9919,dhwang@example.net
엄영희,15087,충청북도 고양시 일산동구 논현469로 61-12 (지후하지동),도현진빌라 26동 077호,061-139-7581,imijeong@example.org
류지훈,13692,전라남도 청주시 상당구 학동90가 지하33,정자장박타운,010-2712-2120,jungsu28@example.net
배경수,55273,울산광역시 강남구 선릉238로 43 (민준김리),병철박마을 라동 063호,02-4876-9071,iseoyeong@example.com
윤종수,43323,전라남도 구리시 테헤란길 420-10,영희김박아파트 571호,062-117-3899,sna@example.com
최순자,02148,세종특별자치시 북구 백제고분로 25-9 (정자박마을),혜진하타워 718호,042-025-7211,qgim@example.com
권정식,04082,제주특별자치도 예산군 선릉9가 932 (재호김리),민서전마을 626호,02-7554-3210,usangho@example.com
이지영,90187,대구광역시 노원구 논현45길 지하476 (윤서김권읍),선영장마을 440호,011-371-8608,seunghyeongweon@example.com
박영철,69989,강원도 부천시 오정구 언주930가 768 (정수박읍),지영민마을 M동 612호,064-771-3272,seonghunhwang@example.com
박정훈,13438,대구광역시 영등포구 잠실792로 22-17,보람윤이연립,044-126-1805,gimminji@example.net
엄영환,14216,경기도 안산시 강남대427가 384,수빈박류빌라 393호,010-6336-3954,pgim@example.com
김현정,22286,충청남도 안산시 상록구 삼성거리 지하842 (도현박박리),지혜김박타워 E동 711호,070-4551-0298,ryuareum@example.com
서미영,39754,경기도 용인시 수지구 학동107로 112-55 (은정진박면),은경안연립 T동 250호,042-653-8445,ryumisug@example.com
김동현,49487,충청북도 춘천시 봉은사53가 173 (보람고오마을),성수박이마을,018-154-0483,fyun@example.net
이지영,85401,울산광역시 마포구 반포대거리 288-43 (영진류류면),현주장빌라 Y동 589호,061-798-5369,wi@example.com
박예진,57900,세종특별자치시 강동구 역삼6거리 지하718,성진오빌라 라동 609호,017-122-2365,hyeonji37@example.com
손혜진,03417,부산광역시 마포구 잠실가 608,윤서서한타워,062-239-4484,gimyeongja@example.org
문정숙,99148,울산광역시 강서구 백제고분983로 922-5,영숙엄김아파트 294호,061-850-7098,junyeong95@example.org
이은서,44572,충청남도 과천시 압구정575거리 908 (춘자최읍),은주조타워 108호,055-252-3383,gimyeongsig@example.org
이경희,26100,강원도 양구군 서초중앙가 257 (예준최읍),현주권최빌라,010-2513-8434,ljeong@example.com
이건우,99307,경상남도 가평군 가락가 407,지민손마을 나동 133호,061-288-0814,gimseonyeong@example.com
이예은,65537,인천광역시 종로구 선릉가 544 (정남손읍),성진류빌라 102호,017-836-3068,ganghaeun@example.org
박성훈,64000,충청남도 보령시 언주84길 799-78 (도현정이동),서영박타운,061-811-7814,gimjiweon@example.net
이경숙,95992,제주특별자치도 수원시 장안구 논현거리 58-90,정순이심타운,061-781-4373,jeonghyicoe@example.net
권현정,34407,충청북도 부천시 원미구 서초중앙9거리 441,성수최타워 B동 824호,063-182-0324,gimyeongho@example.net
이동현,73915,부산광역시 동구 백제고분로 474-48,민지박김연립,053-858-0582,wbag@example.com
이예준,52915,강원도 용인시 봉은사189로 26 (현주문이면),현정황박빌라,044-363-0579,bbag@example.org
허예지,36328,경상남도 부천시 오정구 개포거리 818-50 (정자조이마을),은정이아파트 M동 237호,053-779-5913,ryuyeongil@example.org
안정웅,53740,인천광역시 은평구 도산대가 14,주원김강빌라 바동 511호,062-165-7556,cna@example.org
양지훈,17414,전라남도 양주시 석촌호수가 594,은서강최마을 292동 544호,054-250-2776,subin10@example.net
김은서,14394,인천광역시 영등포구 반포대5로 295-13 (예은노읍),지후김이아파트,02-6332-2453,seonghojang@example.org
이은주,07034,부산광역시 도봉구 압구정9가 488-42 (성호한면),재현김김타워 Y동 524호,010-6291-0784,gi@example.com
김승현,32724,제주특별자치도 용인시 기흥구 반포대가 771-53 (준호박리),정자김차빌라,063-850-8540,minjae16@example.net
이예원,15618,경기도 평택시 가락043가 532-8 (정식양면),성훈김송아파트,031-023-7218,cyun@example.org
강재호,08674,부산광역시 서대문구 선릉가 523,성훈오유아파트 V동 295호,033-520-1457,heosiu@example.com
문경숙,52810,울산광역시 서초구 역삼길 36-14,수민김아파트 489호,016-780-9679,dgim@example.com
김은지,30991,대전광역시 광진구 강남대846거리 673-78,은영권아파트,051-927-7180,lbag@example.com
김성호,13128,부산광역시 양천구 백제고분거리 168-5 (시우강이마을),하윤박최빌라 Y동 511호,017-471-7428,zeom@example.com
이지훈,20081,대전광역시 용산구 역삼가 586 (예준홍민리),아름이이타워,055-463-7158,ho@example.org
이지은,03840,부산광역시 은평구 테헤란길 818 (예지송손마을),서연김김타워 271호,062-383-0225,coeogja@example.org
오경자,19544,제주특별자치도 안성시 선릉7로 94-24 (정자김면),중수김김연립,043-845-1289,ogja88@example.net
손정남,23422,경기도 부여군 백제고분로 468,옥자김양마을 013호,010-6549-5867,yeongsiggim@example.org
안시우,92977,인천광역시 중랑구 서초대로 124-86 (병철이읍),도윤김윤마을 338호,053-239-8704,qgim@example.com
박성수,88416,충청남도 용인시 수지구 선릉961로 764,성현홍김빌라 062호,019-355-4058,yeongceolbag@example.net
황정남,47014,충청북도 연천군 잠실거리 735 (경희이김리),중수권김빌라,018-907-1686,bca@example.com
손현정,88597,서울특별시 강동구 도산대5로 지하873,정호문이빌라 다동 982호,017-561-9666,gweonhyejin@example.org
김지아,20121,전라북도 청주시 서원구 학동길 583-83,하은박백연립,041-215-4974,yeongho41@example.net
황정수,72224,전라남도 증평군 선릉974거리 716 (건우정이면),영호박남타운 546호,033-769-8006,ieunju@example.com
문옥순,06734,경상남도 음성군 개포길 54-54 (아름황리),성수지김연립,033-474-8320,gimseojun@example.net
김예준,67181,세종특별자치시 종로구 양재천로 75-85,서윤김송마을,063-900-9134,yeongilcoe@example.org
박지우,91424,경기도 파주시 삼성90가 393-80 (영환전차마을),미숙한권아파트 186호,011-156-4996,iyeongsig@example.org
한민재,65706,경상북도 오산시 언주가 206-61 (명자윤최마을),옥순황빌라 532호,031-245-1202,anseonghyeon@example.net
김현정,67286,세종특별자치시 서초구 도산대거리 348 (도윤김차마을),영식최김타워 339호,017-892-5080,li@example.net
김미정,21149,강원도 홍천군 봉은사로 지하807 (중수박면),채원이류타워,063-503-2961,gimhyeonu@example.org
이미숙,09169,대전광역시 성북구 양재천82가 931 (영숙한면),상철차이연립 C동 824호,02-8394-6050,egu@example.com
허민수,34587,강원도 의정부시 양재천375거리 877-91,경숙이황연립 C동 909호,017-617-1867,jeongsugsong@example.org
정영철,83264,서울특별시 강동구 석촌호수가 42,지원정김빌라 라동 538호,043-951-8499,minjaego@example.org
김서윤,03237,전라남도 공주시 테헤란거리 878-73,영희민아파트 208호,053-236-2073,igim@example.net
이준호,43389,경기도 서천군 테헤란31가 829,성수박아파트 Z동 461호,010-8522-5989,ysong@example.com
박정자,31388,광주광역시 동구 강남대가 지하377 (정자류김리),경수허이아파트 137호,043-587-7374,jgim@example.com
심지영,81079,세종특별자치시 금천구 잠실거리 지하618,명숙허이아파트 마동 240호,044-695-0718,hyeonju03@example.net
황상훈,87905,서울특별시 성북구 역삼길 583 (은서김동),중수고연립 082호,018-385-1010,dhan@example.net
곽준호,97347,인천광역시 강북구 잠실97거리 621,동현박김연립,064-799-7831,gyun@example.net
박춘자,24110,부산광역시 영등포구 선릉2가 34 (서준배마을),예원한마을 T동 508호,051-483-9488,ijunseo@example.com
김채원,50676,충청남도 충주시 가락거리 593 (동현김손리),옥순문타운 G동 612호,051-000-1682,coeyeweon@example.net
홍하은,78411,서울특별시 서초구 반포대길 678,영희김마을 016호,061-327-7515,yejihong@example.org
김상훈,43975,강원도 용인시 기흥구 백제고분길 37,도현황김마을 616호,052-383-2632,dohyeonmin@example.com
강경숙,02096,충청남도 포천시 도산대679로 218-1,성진홍연립 H동 738호,043-841-3277,siugim@example.org
주지원,01671,경상남도 보은군 영동대749로 520,광수최우아파트 G동 168호,043-356-8053,dnam@example.org
김민수,87727,부산광역시 강북구 서초대09거리 지하120,은주전최연립 451호,031-734-1061,yeongho16@example.net
이은지,29311,서울특별시 서초구 반포대길 26 (건우이리),정훈최최빌라 K동 182호,042-900-4371,ijaehyeon@example.org
최은지,63641,울산광역시 북구 백제고분3거리 138-17 (서영배리),종수김타워 076호,063-413-1799,seunghyeonha@example.org
송시우,40043,강원도 인제군 석촌호수67가 65 (재현김면),서영김타운 082호,043-236-1717,yeongsun49@example.org
이영자,58098,전라남도 용인시 기흥구 도산대길 527,영순김아파트 U동 313호,062-248-3000,eunju75@example.net
이옥순,19937,경상남도 고양시 일산동구 논현거리 309,경자박김타워 바동 973호,041-290-3563,seongsu17@example.net
김광수,76629,인천광역시 강동구 오금로 825,준영이빌라 E동 586호,011-671-1928,yeweongim@example.com
류민석,13349,제주특별자치도 용인시 기흥구 삼성로 229,지현김홍마을,032-883-9967,jeongsu60@example.net
이동현,99104,대전광역시 관악구 반포대가 723-46 (숙자이김리),정수양타워,054-287-1449,jeongnam02@example.com
최동현,34530,강원도 홍천군 양재천길 821,광수박마을 C동 236호,031-435-5346,jia11@example.com
김영숙,98186,광주광역시 영등포구 반포대3거리 923 (영호차최동),순자서박타워 411호,033-805-9496,haeuni@example.org
문예준,21680,경기도 구리시 학동거리 811-42,성훈김아파트 다동 374호,018-910-2049,gimyeongjin@example.org
오민석,48078,대전광역시 구로구 영동대길 164 (윤서남면),지후이타워,063-330-5148,junhyeogbae@example.com
이경희,19379,전라남도 수원시 권선구 잠실거리 348-69 (춘자김동),채원이타운 191호,051-568-3893,yeongmi44@example.com
한지훈,01689,전라북도 청주시 흥덕구 가락가 275-91 (수민김김면),윤서홍마을 101호,063-200-2377,njo@example.com
오도윤,52786,경상남도 연천군 압구정로 지하634,민석안아파트 953호,031-963-2469,fi@example.net
김준영,95492,광주광역시 성동구 백제고분37길 415-87,상호송연립,031-127-6258,ji@example.net
안정남,53413,대구광역시 서구 강남대로 475,영식김타운 066동 838호,051-010-7478,gyeongsugi@example.org
오성진,39871,경상남도 강릉시 언주길 361,지후이한타운 741호,016-397-3139,nbag@example.net
황정수,89695,인천광역시 성동구 강남대길 140-74,종수배타운,063-483-4471,sujingweon@example.org
송정호,34605,경기도 고양시 일산동구 서초대2가 417,선영박아파트 가동 217호,052-383-0433,mijeonggim@example.org
문승민,13019,강원도 수원시 팔달구 서초대95거리 829 (경수전이면),성호최양빌라,044-779-9648,yeonggilcoe@example.net
이영순,25457,대구광역시 동작구 언주9거리 340,보람김김빌라 408호,02-4082-5546,gimsunja@example.net
김도현,50139,울산광역시 관악구 양재천로 305,지영홍서타워 482호,044-726-9426,qgim@example.net
이예진,89888,강원도 영동군 반포대54거리 301-68,도윤구아파트,052-289-1051,minsusong@example.net
이준혁,87041,경상북도 양구군 학동29길 414 (성진김동),지혜김김빌라 C동 914호,041-864-5310,seonghyeongim@example.org
이영순,64546,부산광역시 마포구 선릉6로 846 (수빈손동),민서김김타운 L동 556호,042-444-1232,yunseogim@example.org
권종수,22035,대전광역시 은평구 삼성길 69,동현권이아파트 마동 635호,055-755-4022,iyeongsun@example.net
박영미,62189,서울특별시 영등포구 영동대5길 477,병철김엄마을,043-177-2810,yeongmiju@example.net
최지우,78085,강원도 제천시 양재천42거리 754-84 (예진최서동),영순최류연립 F동 356호,044-362-9000,tjang@example.net
김재현,28618,세종특별자치시 강북구 압구정716가 801 (숙자이마을),경수이마을,010-7205-4062,jongsu84@example.net
이현주,43865,경상남도 수원시 장안구 잠실길 846-63,진호김타워 066호,018-755-0269,juweonsin@example.org
구정남,34770,울산광역시 북구 개포거리 554 (상훈고김동),광수배이타워 X동 027호,016-185-1125,gimyunseo@example.com
윤경자,03185,광주광역시 마포구 개포61길 184 (현준이양마을),예원이김연립,041-033-3903,gimhyeonjun@example.net
오정남,16440,대구광역시 강남구 삼성18로 508-9 (도현김리),현지구연립 127호,051-563-5954,jungsugim@example.com
이예원,59708,충청남도 용인시 강남대09로 824 (은경윤마을),순자김박타워,011-958-4510,yeeungim@example.com
김경희,64946,광주광역시 용산구 개포2로 375,성수장김타운 X동 837호,070-3541-0991,jia86@example.org
박경희,01315,충청남도 영월군 오금5가 759 (채원이면),준서이김마을 E동 538호,032-634-9929,doyunsong@example.com
민지훈,51113,경기도 용인시 기흥구 선릉06로 227 (현주김이마을),민석김김빌라 647호,019-430-0968,junhyeogbag@example.net
김지아,12597,충청남도 서천군 가락길 635-66 (준서강정면),현정이문타워 204호,052-827-1520,ihyeonu@example.com
고영자,33691,광주광역시 중구 서초중앙거리 1-82 (영순박면),영철이한연립 722호,055-371-4455,hyeonjun74@example.org
박수민,62987,전라북도 의왕시 양재천7거리 323-80 (정자최박마을),지훈권류마을 376호,011-504-9353,yeeun92@example.com
윤하은,17985,대구광역시 강서구 오금거리 407-26 (승현나면),주원한타워 837호,018-139-7346,minjun38@example.org
김성수,70827,울산광역시 구로구 영동대78가 785-74,준영허빌라 나동 418호,044-074-3350,lan@example.org
김명자,65853,서울특별시 용산구 가락길 34-44,도현윤이연립 Q동 210호,010-8377-5983,migyeongi@example.net
문영수,79474,세종특별자치시 동작구 역삼15거리 지하879 (성현이동),민재고빌라,018-315-5644,jongsu55@example.net
황미영,92348,부산광역시 강남구 논현길 140 (예은안김마을),예준권김마을 855호,061-451-1279,seonghyeon89@example.com
안미숙,66945,울산광역시 금천구 오금길 877-5 (영수이읍),미숙이강빌라 J동 428호,019-293-9659,seoyeon60@example.com
김윤서,97433,경상남도 춘천시 오금가 314,지민김오연립 139호,011-237-6166,hayungo@example.net
양현준,78033,전라북도 용인시 삼성길 210 (현준박마을),경자주김타워,032-821-2773,myeongjai@example.net
김선영,02823,서울특별시 동작구 석촌호수길 451 (영숙장리),상호서오아파트 035호,042-675-3746,seohyeon85@example.com
오정훈,66628,울산광역시 영등포구 석촌호수거리 118-23,광수장타운,063-679-6719,bagyunseo@example.com
이아름,93616,전라북도 동해시 가락로 616,혜진정마을 131호,033-067-2654,yeongsun53@example.org
이지영,95261,대전광역시 동대문구 반포대30가 196-42 (미경오읍),정희김빌라 Q동 697호,018-105-6499,minjunhan@example.net
이채원,86881,충청남도 수원시 영통구 봉은사67로 45 (혜진안리),승민김타워,043-511-2763,ogsun07@example.net
이성호,68420,전라북도 양양군 논현4로 890-60,재현심빌라 L동 979호,033-224-1067,jeongung67@example.net
문성훈,13284,경기도 가평군 테헤란가 924-7,정자최김마을 476호,033-128-6346,bagsunja@example.net
김준영,90505,제주특별자치도 청주시 청원구 선릉길 544,은경오연립 바동 071호,054-552-1886,gimcunja@example.net
이채원,93636,대구광역시 동구 백제고분로 734 (정희김읍),보람박이빌라 P동 966호,062-484-5065,gimyeongsug@example.org
서은서,45761,부산광역시 구로구 양재천로 494 (성현강면),현정백박타워 109호,010-8966-3626,yeongjin68@example.com
전상철,36957,전라남도 논산시 선릉10거리 164 (미숙이면),우진박문타운 944호,017-605-0843,eunyeongi@example.org
이정수,24363,전라남도 성남시 분당구 서초중앙39길 779,민수문이아파트 566호,053-707-3717,oi@example.org
양준서,93741,경상남도 연천군 석촌호수거리 275,숙자이이타운 601호,011-064-1487,kgim@example.org
김우진,57404,부산광역시 금천구 가락5가 지하224,서윤황마을 H동 718호,061-475-7640,jeonghyi58@example.net
백지후,30257,광주광역시 남구 도산대길 583-99,광수장연립 052호,052-420-9438,jeongsuggim@example.com
박미영,84945,전라남도 여주시 오금거리 지하790 (옥자김면),정웅박김빌라 I동 527호,031-887-4023,sanghun02@example.org
우성수,32046,세종특별자치시 동구 선릉로 지하5 (민수김한마을),영환김김마을 924호,02-2003-5049,seonghun20@example.org
안현우,03113,울산광역시 중랑구 논현3가 815-82,서준박타워 W동 944호,041-510-9172,ryuyeongmi@example.net
윤경수,21517,충청남도 인제군 학동거리 712-9 (준서이리),성훈안타워 마동 517호,064-762-1130,rgim@example.net
김은지,33437,충청남도 삼척시 개포1길 186,혜진이손빌라 S동 891호,032-887-5148,jeonghyi96@example.net
오성현,37865,경상북도 용인시 수지구 논현길 131 (옥순김동),상현배이마을,052-180-9395,shong@example.net
김성현,68099,경상북도 천안시 동남구 서초대58길 355,하은최타워,02-7614-2375,byeongceoli@example.net
진하윤,88543,부산광역시 금천구 삼성거리 68-1,성현김마을,019-195-7779,yeongsu25@example.org
문경자,04372,경상북도 연천군 석촌호수6로 지하575,명숙김빌라 282호,051-972-5420,iyeonggil@example.org
황영환,80284,대구광역시 강남구 서초대길 991,영순윤최타워 402호,061-544-5806,eunyeongyang@example.com
김승민,30898,대구광역시 동대문구 봉은사로 723,하은박나마을 759동 236호,070-2928-9284,seonghogim@example.com
박건우,61319,충청북도 용인시 기흥구 서초중앙길 395,서영백빌라 028호,053-047-5497,yeweon53@example.com
이지훈,65491,충청남도 홍천군 강남대853거리 765-29 (승현장읍),영미한김마을 071호,02-8190-8643,yeweon14@example.com
이정순,41962,세종특별자치시 송파구 압구정가 지하912 (수민정동),광수김안빌라,062-832-1634,yunseo23@example.com
김윤서,10427,충청북도 부여군 영동대거리 131,경희이마을 R동 478호,031-348-9696,yeongsiggim@example.org
김명자,37310,제주특별자치도 화천군 백제고분4가 852,유진윤최연립 다동 758호,070-6850-1067,jihugim@example.com
황경희,94486,전라북도 서천군 오금952길 792 (예준안김면),혜진이이연립 51동 247호,019-077-5222,yunhyeonju@example.org
이동현,75337,부산광역시 서초구 역삼거리 229-87 (수빈진노읍),준혁이윤타워 672호,019-073-2280,jaeho23@example.net
한수민,02877,전라북도 여주시 언주거리 580-44 (지민김읍),진호김타운 V동 371호,070-0838-7334,seunghyeon70@example.com
송현숙,01274,부산광역시 금천구 압구정로 411 (민석이이리),춘자한아파트 301호,053-378-8166,junyeongi@example.net
류영진,42843,광주광역시 용산구 서초중앙거리 지하29,준혁이박마을 128호,063-673-9924,vgim@example.org
김유진,73473,대구광역시 성동구 강남대365로 185-15 (옥순황읍),명숙김마을 256호,044-785-8511,jeongnamgim@example.com
김영순,85453,광주광역시 광진구 선릉942거리 지하265 (종수이박읍),현지남마을 H동 918호,053-419-8934,hyejini@example.net
고준호,92343,대구광역시 강동구 언주가 827-47 (수민박김리),준호김타운,018-632-1709,jiyeong62@example.net
김영환,89916,울산광역시 서구 삼성5거리 945 (수진이김동),민재이마을 마동 299호,061-459-7722,gimujin@example.com
김영환,27134,제주특별자치도 부천시 서초대가 404-99 (지민홍리),은정이빌라,044-861-8773,miyeong28@example.org
권재현,06493,부산광역시 동대문구 양재천가 973,성민박아파트,043-936-3284,gimareum@example.net
안영일,71698,경상남도 이천시 언주42가 지하710,영일김아파트 G동 748호,016-561-8520,myeongja70@example.org
김정훈,94005,부산광역시 종로구 도산대거리 390-89,현주박최아파트 라동 675호,010-0805-7117,jeonghocoe@example.net
박현정,43581,세종특별자치시 중랑구 양재천로 658,예은이아파트 617호,02-8950-6427,yeongilseong@example.com
류예지,01501,충청북도 보은군 서초대거리 835 (현우이리),지우김아파트 42동 684호,043-387-7239,ti@example.org
박은서,88237,광주광역시 송파구 도산대가 903-67,정남고타워 430호,010-1263-3239,hgim@example.org
장영숙,98481,경상남도 동두천시 석촌호수가 660 (영순박김마을),민석윤이타운,033-199-5191,bagsubin@example.com
강주원,74176,경상남도 양양군 논현로 427,동현하노마을 F동 905호,051-037-9852,ganghyeonju@example.net
박도현,14130,광주광역시 중랑구 개포3가 191,영순손연립 가동 968호,061-406-7623,sujinjin@example.com
송현지,23605,광주광역시 동구 봉은사9로 348-38 (예원안마을),은지이김타운,062-951-0422,eunseogim@example.com
강영수,07171,경상남도 청주시 청원구 논현길 719-58 (순자장마을),정순김타운,02-9962-9134,rson@example.net
문영길,57718,세종특별자치시 중구 양재천6로 768-62 (진우이유리),병철이연립,062-813-7682,gan@example.com
이영숙,84979,광주광역시 중구 삼성8가 73 (유진차동),성진이박아파트 라동 138호,044-124-8034,yeongmii@example.com
김정숙,91189,부산광역시 마포구 가락57가 177 (민준홍리),현정이타워,051-193-2798,sanghogim@example.net
박서현,09938,제주특별자치도 포천시 잠실08로 지하825 (옥순남최읍),지혜윤박연립,053-374-2919,wgim@example.com
박현우,32330,세종특별자치시 광진구 테헤란거리 948 (우진하고리),하윤하마을 가동 978호,042-718-2003,minji35@example.net
안진우,45139,전라남도 구리시 학동71로 842,재현최김빌라 372호,070-2103-1504,gyeongsubag@example.org
이지은,47210,세종특별자치시 은평구 선릉28로 74-45,영철남박마을 나동 842호,044-037-4914,xgim@example.com
김예은,18868,경기도 청주시 청원구 학동가 지하643,수민이아파트,062-648-4589,ogja69@example.org
최진우,78108,부산광역시 동작구 도산대2로 442,영숙조마을,017-477-5545,jimin97@example.org
양재현,05459,충청남도 속초시 서초중앙34가 지하788 (정웅윤읍),정훈하타운 48동 865호,041-252-2866,egim@example.com
윤영미,38960,전라북도 강릉시 역삼거리 619-54 (도윤서박리),정호임엄연립,062-115-6969,coeseongjin@example.net
김순옥,60657,충청남도 양주시 석촌호수거리 337 (수민최동),정식권박마을,062-795-9758,baeyeonghwan@example.org
이미숙,64551,전라남도 고양시 가락가 226 (영진최마을),영철김연립 J동 752호,010-8422-2194,ijeongsu@example.org
윤민서,25318,울산광역시 중구 개포거리 340 (정호고동),영미박황타운 221호,054-979-9173,junhyeoggim@example.com
김진우,62581,강원도 청양군 개포72로 717,현우김타워 991호,011-799-7863,myeongsug28@example.com
이성민,61573,제주특별자치도 부천시 소사구 선릉922거리 840 (영일백리),은경최마을,055-938-1276,byeongceoljang@example.net
김미정,47929,부산광역시 남구 논현8거리 711-61,서현김이빌라,017-266-1334,songdohyeon@example.com
김우진,11110,세종특별자치시 구로구 봉은사로 19-71 (정식박동),지원홍김빌라 36동 373호,064-756-9165,gimseoyun@example.com
이도윤,67924,경상북도 용인시 삼성6로 199,상현윤김타워 949호,061-354-3949,coeyeonghyi@example.com
최상철,44162,제주특별자치도 양주시 도산대48길 499 (지민이리),주원고타워,042-053-9229,kgim@example.net
이경수,09868,대구광역시 동구 서초대거리 26-6,재호김황타운 845호,041-971-7287,yeongilbag@example.org
김예은,50664,충청북도 서산시 역삼길 지하574,하은오오타운,052-207-0022,jiyeongcoe@example.com
이지연,58288,제주특별자치도 괴산군 개포가 756-78,상현이타운 827호,051-626-8327,gimsanghun@example.net
이서윤,92125,충청북도 삼척시 역삼길 17-37,상훈김이타워 286호,063-961-4571,gyeongsu16@example.com
김지아,17265,경상남도 서산시 백제고분111거리 141,순옥권아파트 U동 107호,070-9543-8839,vi@example.net
하정웅,12000,제주특별자치도 서천군 잠실길 997 (예진김동),민서이연립 879호,051-806-7544,seongsujang@example.org
이성호,72823,제주특별자치도 포천시 삼성가 494-97 (준혁홍마을),광수김윤마을 R동 073호,043-856-2889,yeongjin29@example.com
이승현,57809,충청북도 화천군 양재천로 677-13,준호김연립 N동 967호,044-319-9769,gimyeongil@example.net
허성수,07074,충청북도 부여군 오금로 860,정훈장마을 M동 455호,010-1775-6512,jongsujo@example.com
백영환,55340,광주광역시 북구 백제고분6가 172,정호최아파트,017-407-9248,yeongsuni@example.com
김지아,30736,대전광역시 남구 서초중앙13길 304,지훈오김빌라,052-642-6572,gimdonghyeon@example.org
안수진,48273,전라북도 고성군 강남대거리 974 (준서강마을),경자김마을 441호,011-203-4729,gimmigyeong@example.net
이혜진,28929,경기도 안양시 언주773가 812,유진구마을,010-6327-8144,minsu63@example.com
김은주,15787,인천광역시 동구 삼성85길 268,은정김이타워 128호,063-628-1287,bagjeonghun@example.com
하현준,35702,충청북도 춘천시 서초중앙길 279-21 (진호박리),지아김윤빌라 다동 842호,070-8336-4285,jiyeongbag@example.net
이서준,90615,전라남도 구리시 서초대로 755-73 (수민서면),영길윤이빌라 Y동 046호,018-385-1199,jiyeonggim@example.net
구상철,20583,전라남도 이천시 논현57로 755 (동현박면),민재안김빌라 T동 985호,018-310-9773,hyeonju25@example.com
박지원,53388,경기도 용인시 수지구 백제고분거리 366-63,경자고권아파트 064호,041-962-8887,egim@example.com
김하윤,04798,대전광역시 강동구 역삼길 805,예은박마을 O동 690호,053-630-2856,hwanggwangsu@example.org
김순옥,27997,경상북도 안산시 서초중앙길 602 (미영이리),영길유아파트,032-949-4795,heoseongmin@example.net
양명숙,42795,광주광역시 동구 도산대2길 55-66,미경최차마을 N동 111호,064-720-4642,isiu@example.com
이성수,14832,울산광역시 용산구 도산대334길 555,진호이빌라 367호,042-275-1941,isunog@example.com
서민석,80149,울산광역시 동구 학동16거리 632-23 (혜진권읍),상호이타워,011-589-2350,jinui@example.net
최지후,44015,충청북도 태백시 논현7거리 지하330,정호윤박타운,017-916-4471,boramgim@example.com
양춘자,61218,울산광역시 강남구 학동가 2-76 (상훈황마을),상호이빌라 372호,017-711-8879,bagjunho@example.org
김민수,13222,서울특별시 영등포구 백제고분거리 942,채원장빌라,061-954-5460,yeongho85@example.com
김지현,23773,충청남도 영월군 역삼가 802-20,상철안이타워,010-7923-3694,eungyeongan@example.net
김예준,30700,서울특별시 용산구 봉은사766로 235-97 (미정김윤마을),준서최류연립 289호,061-993-0509,xbag@example.org
김정훈,72132,충청남도 안양시 가락길 719,영환박마을 O동 697호,051-620-7038,ci@example.org
이서현,01182,울산광역시 동구 영동대길 537-29,정훈이강마을 Y동 103호,019-232-4151,bagjeongho@example.org
이정수,32600,경상북도 이천시 백제고분43길 131-66 (정훈박읍),지영김조타워,053-733-9196,hyeonu19@example.net
이정호,70299,충청남도 여주시 오금가 353-87,경자박마을 가동 011호,031-335-6373,yeongsigjang@example.org
손성호,22523,서울특별시 동대문구 선릉83길 388-74 (성수이구면),지현김박연립,064-799-4485,jaehyeon04@example.net
박현지,99344,전라남도 양평군 압구정거리 8,민수성최연립 659호,063-848-1443,hayunbaeg@example.org
주영호,20082,대구광역시 성북구 석촌호수로 589 (하은서장읍),현숙이아파트 862호,052-774-5879,hwanghayun@example.com
김우진,13722,전라남도 수원시 장안구 개포거리 지하33 (하은이마을),준서김안아파트 719호,064-758-1958,iyeji@example.net
최현지,54515,충청북도 홍천군 반포대74로 23 (민석최면),하윤이타운 L동 397호,010-9056-8155,hyeonju80@example.org
김도현,38723,전라남도 용인시 처인구 가락로 85,지혜홍타워 T동 517호,019-210-5406,yeji47@example.org
박재현,01590,대전광역시 동대문구 개포6길 291 (정웅최박마을),미영이이타운 635호,031-777-2982,yejingim@example.org
이정희,98769,경상북도 천안시 동남구 삼성길 407,서윤송마을,032-855-2687,hbag@example.net
이성진,02483,경기도 고성군 개포길 864 (미영김김면),민석박타워,010-3952-5254,seonghomin@example.net
윤지현,03472,전라남도 예산군 선릉거리 318 (지현이리),도현주아파트 922호,044-527-1005,myeongja97@example.com
류영순,23391,부산광역시 도봉구 압구정7가 111 (예지김성리),지우류황마을 340호,033-297-4165,jiyeon10@example.org
이예준,82827,대구광역시 구로구 서초대7거리 601-12,중수김박연립,019-685-0178,jinubag@example.net
임영환,30384,전라남도 춘천시 언주가 516-98,지우박홍마을 Z동 775호,041-261-2660,cgang@example.org
김정웅,35249,경상남도 고양시 일산동구 영동대로 850-63 (민재정리),성현김안타워,070-6513-1490,jiuo@example.org
김정수,24440,충청북도 군포시 논현로 769,민지박오연립 U동 865호,017-353-4266,gimareum@example.org
고영길,75097,인천광역시 성동구 역삼길 400-32,상철고박타워,064-727-6771,hyejin69@example.com
김영철,00658,제주특별자치도 홍성군 삼성로 484 (상호지배읍),종수전타운 863호,019-598-1309,jongsu45@example.org
김영희,35164,서울특별시 용산구 테헤란7길 883,지후조홍타워,054-570-6725,seocunja@example.net
김유진,59342,전라북도 안양시 만안구 삼성가 153,건우박이타운 555호,064-730-6151,rbag@example.org
김성호,27671,울산광역시 성동구 반포대927가 622 (미숙김리),성진나연립,044-745-4105,migyeonggim@example.net
나예은,07540,대전광역시 강동구 개포47가 865,미정김타운,054-198-4508,hwangjaehyeon@example.org
백정훈,52975,전라북도 안산시 상록구 잠실거리 지하605,민준나타운 나동 037호,018-167-4744,hgim@example.com
김준서,13819,광주광역시 송파구 반포대154가 942 (서윤박박마을),선영김박마을 H동 554호,044-671-4132,godoyun@example.net
이지원,44392,경상북도 태안군 서초중앙거리 498-62,영미김이타운 125호,011-067-9222,usong@example.com
최예준,44279,경기도 오산시 삼성02로 174,정호박아파트 254호,054-828-5216,seojun90@example.net
김지훈,42613,부산광역시 마포구 삼성519가 799-20 (서윤김마을),민지박타워 415동 455호,055-127-6899,icunja@example.com
김재현,93912,충청북도 고양시 테헤란거리 804-7,영환박연립 404호,032-385-5833,zjang@example.com
장서영,64897,경기도 화성시 역삼거리 66,성현김연립 M동 080호,070-9549-8665,myeongsug76@example.com
김예준,44949,광주광역시 양천구 백제고분7가 794-34,예원황이타운 S동 356호,016-865-2733,jeongho93@example.org
문민석,84067,부산광역시 동대문구 삼성길 109,정순장연립 748호,042-311-3270,gimgyeongsug@example.org
이서영,28469,인천광역시 금천구 압구정70가 309-32,춘자유우빌라 621호,051-577-4251,seojeongsig@example.net
이영식,79448,전라북도 고양시 일산동구 압구정로 649-25,상훈김이아파트 T동 620호,055-790-1853,subin12@example.net
김민지,14294,대전광역시 남구 영동대4길 247,미경김타운,063-890-5641,jeongja59@example.com
이도윤,55898,경상북도 동두천시 석촌호수거리 682,진우이이빌라 584호,052-800-7244,lbag@example.org
안현주,48333,서울특별시 강남구 양재천84로 386 (명자안이면),서준박이마을,010-9028-6356,mijeong93@example.net
이명자,58484,전라남도 여주시 오금944길 389 (광수이김동),지훈김타운 456호,063-690-7454,jeonghobag@example.net
이하은,94403,경상북도 천안시 서북구 석촌호수847로 901-36 (지연김면),지영이이마을 X동 875호,011-972-4044,noyunseo@example.org
김경수,01952,전라남도 고양시 덕양구 서초대5거리 58,재호민타워 나동 381호,053-111-3945,seongsu62@example.net
황재현,23850,세종특별자치시 송파구 서초중앙가 169-1,은지이김아파트,017-105-0267,noseongsu@example.com
김하윤,63390,대구광역시 영등포구 오금75길 150 (춘자김이읍),지연이마을,064-734-6335,iyeongil@example.org
최준호,25703,전라북도 포천시 강남대28길 463-60,지혜박김타운,054-351-1653,wi@example.org
장성현,58170,세종특별자치시 노원구 양재천가 817-81,선영이배연립,018-325-8645,gimseoyun@example.net
김민준,73057,인천광역시 양천구 삼성913길 582-46 (준영박류면),은지장이연립 Q동 941호,052-973-0056,anjeongsu@example.org
서수민,29066,충청남도 오산시 학동30로 127-47 (선영김마을),채원최마을,016-397-7246,joseongjin@example.net
최시우,05011,광주광역시 마포구 백제고분길 지하53 (지연김동),정남곽최타운 235호,053-527-4251,yeongjagim@example.org
최하은,17834,세종특별자치시 서구 삼성로 53,광수신빌라 026호,011-817-2400,sanghungim@example.org
홍영식,56770,세종특별자치시 양천구 선릉566가 93 (예원이리),은영김김연립 I동 727호,017-339-6096,gweonhyeonsug@example.com
박예지,35490,경기도 안산시 상록구 언주로 285-18 (영식장김마을),정남김타워 L동 282호,010-2131-1153,haneunyeong@example.org
이상호,42703,세종특별자치시 동구 양재천가 698-76 (정자임서마을),수진이김아파트 I동 299호,043-738-5238,gweonsangho@example.com
김수빈,79355,인천광역시 강남구 서초대353가 982 (재호김안면),명자임연립 600호,041-179-2610,ei@example.org
곽도윤,17083,경기도 여주시 영동대340거리 621 (준호박이읍),명자이타운,054-886-3443,iseojun@example.com
김지훈,94944,광주광역시 성동구 오금거리 962 (영철한면),민재양황타운 U동 376호,062-870-5612,dha@example.net
김수진,01272,전라남도 인제군 서초중앙길 151-38,동현김구타워,064-746-9286,sunjabag@example.org
송영일,06114,인천광역시 강남구 학동337길 369-31 (윤서이김마을),순옥최빌라,019-555-9358,yhwang@example.net
이은서,18409,충청북도 홍성군 잠실길 730,영희한손아파트,019-230-2790,byeongceol80@example.org
이정희,60852,전라남도 청양군 삼성829길 804-67,수빈김연립 R동 339호,031-036-5296,igim@example.org
문성진,53145,충청북도 부여군 테헤란8로 911-88,순옥김박타운,043-455-4428,sujin86@example.net
노하은,49428,전라북도 화성시 잠실거리 지하396,정순최이연립 446호,062-692-9490,hyejin44@example.net
강순옥,34316,전라남도 군포시 학동922거리 48-29 (은영심이읍),채원이아파트 W동 751호,031-836-9265,igim@example.org
최서윤,00227,전라북도 단양군 서초중앙로 880-35 (현지배마을),예은김박마을 304호,016-520-9009,noseongmin@example.org
김서영,28366,제주특별자치도 수원시 영통구 오금578길 173-29 (지후서읍),동현김타운 W동 822호,054-802-2398,pgim@example.net
김지원,83874,대구광역시 구로구 논현가 974-92,은정이아파트 299호,062-476-1250,gyeongsugbae@example.org
배지우,29343,울산광역시 강동구 도산대25가 999-41,영자서빌라 L동 476호,070-6369-7750,donghyeoni@example.net
이우진,27317,충청북도 인제군 삼성6거리 지하207 (정순한동),성훈서박연립 다동 169호,017-507-7608,hyeonjijang@example.com
김영일,12306,경상남도 당진시 압구정189로 13-97 (영희김읍),성수구타운,044-445-2284,dgim@example.com
김성진,99449,전라북도 양구군 삼성가 903 (미숙김서읍),민재노타운,051-358-5420,ogim@example.com
손지영,40750,서울특별시 용산구 반포대1로 지하100 (민지오리),정희김마을 165호,061-162-1230,njo@example.org
김종수,66276,전라남도 단양군 서초중앙길 지하123,성진이타운 K동 766호,054-691-5270,ki@example.net
김재현,03674,서울특별시 동대문구 반포대136길 지하967,영호나빌라 336호,043-328-2365,ji@example.org
김현준,42367,대구광역시 강서구 석촌호수67가 699-77,수민김연립 315호,052-154-3958,hayun10@example.com
이서연,17121,경상북도 서천군 도산대길 309,지은윤박타운 O동 491호,062-218-2269,yunjeonghyi@example.org
권성현,05327,울산광역시 동작구 서초중앙5로 지하277 (은서이동),준영우타운,010-4316-6182,jongsu27@example.net
이예진,80050,충청북도 보은군 오금842가 51 (하윤이읍),보람김박아파트 O동 481호,043-965-0609,jangseoyeong@example.com
최지아,15265,서울특별시 북구 잠실길 556-77 (현정김마을),영철김타운 297호,043-233-0358,bagdohyeon@example.com
최지우,30965,강원도 화천군 잠실로 874,지훈김김마을 175호,044-868-3210,ijunyeong@example.net
박우진,80174,전라북도 성남시 분당구 석촌호수520길 283 (현지이양리),민준곽빌라 030호,064-790-9832,jiai@example.net
이서준,96573,울산광역시 동대문구 도산대0가 73-12,경희이장연립 294호,062-199-0798,gyeongja07@example.net
박성현,45885,광주광역시 종로구 테헤란1가 지하70,수진박타워 마동 144호,02-3174-6996,hyeonsug41@example.net
최건우,82947,충청남도 고성군 석촌호수가 473-61,지연김연립 588호,02-3745-3939,jgang@example.com
이종수,47391,제주특별자치도 부천시 오정구 석촌호수거리 582,도윤이이타워,052-453-3860,igim@example.com
김정훈,58708,대구광역시 강남구 압구정로 969-69,수빈최아파트 137호,042-312-0560,iujin@example.net
김도윤,24629,강원도 공주시 도산대가 643,경숙김장마을,011-852-5577,gbae@example.com
이유진,70752,세종특별자치시 성동구 서초대9가 998 (현지이송마을),진호권빌라 735호,016-926-4914,gimjongsu@example.org
이미숙,89254,대구광역시 남구 강남대거리 193-50 (지은김면),채원이타운 U동 474호,051-896-5371,tson@example.com
박정훈,64943,충청북도 고양시 언주길 지하337,정희김빌라,064-728-4782,bagsubin@example.org
임지후,05973,경기도 고양시 덕양구 삼성길 713 (미정류읍),서준차연립,018-626-5822,coejiyeon@example.net
오현우,62922,세종특별자치시 양천구 언주84로 469-30,서영고이빌라 845호,02-9940-6176,gimgwangsu@example.net
배서현,51006,경상북도 영동군 압구정59로 47 (정숙양읍),지영이양아파트 638호,033-198-6006,ahong@example.org
홍지은,30791,세종특별자치시 노원구 선릉374로 587 (채원장마을),경희김연립 K동 964호,051-935-6187,junhoi@example.com
이춘자,07267,대전광역시 강북구 테헤란길 369,영길박연립 D동 832호,017-071-8270,wi@example.org
민정식,40931,서울특별시 영등포구 선릉가 851 (도현안김동),준영이최마을 라동 446호,061-994-4760,anhayun@example.net
박은서,94112,부산광역시 송파구 서초중앙298거리 지하88 (민서박양읍),성민한타운 933호,019-553-6970,jeongsug28@example.com
최준호,83190,전라남도 청주시 서원구 봉은사62거리 436-63,준혁이최아파트,016-781-4324,jimin99@example.com
강영희,60991,대전광역시 성동구 오금99거리 57,영철이박빌라,033-339-9366,iyeongsun@example.org
이지아,36158,광주광역시 관악구 역삼35로 829-36,서윤이연립,063-196-1435,yejunjang@example.org
배정웅,89224,충청북도 광주시 삼성81거리 67-98,채원김아파트,070-2871-9745,jgim@example.com
최미영,57715,제주특별자치도 공주시 영동대가 지하735,숙자김노아파트 513호,018-068-7592,yeongsugim@example.net
이성훈,22142,광주광역시 성동구 반포대길 764-4 (현우오노읍),현지유윤타워 746호,031-809-0088,jinucoe@example.org
최옥순,49521,울산광역시 중랑구 도산대79로 513 (광수정정리),정훈백권마을,041-722-6414,lyang@example.net
임지민,92540,강원도 아산시 봉은사51길 지하962,채원김김빌라 P동 476호,031-190-5082,hongsumin@example.net
고예은,37288,경상북도 평택시 오금557가 621,경수이마을,031-664-0622,abag@example.com
홍춘자,56653,경상남도 부천시 논현01거리 719-47 (현준최리),선영하타워,070-1494-6360,coeeungyeong@example.org
이영식,14950,서울특별시 동구 학동길 876-94 (영환최면),은영우빌라 722호,055-072-3620,seoyeong62@example.com
김지혜,26022,경상남도 청주시 서원구 영동대67길 199,민준김마을 나동 057호,055-562-7913,yeongja94@example.org
한서연,22584,대전광역시 서대문구 백제고분4로 361-51,정호강홍타운 650호,018-973-4064,seoyeong35@example.net
김미숙,78443,강원도 논산시 학동길 668 (지민백읍),광수박마을 F동 936호,018-653-4553,sujin64@example.com
고재현,46784,충청남도 광명시 삼성212거리 484-50,병철김아파트 36동 675호,033-020-8382,jeongjagim@example.org
배승민,88657,경상남도 아산시 삼성3거리 305,예지조타워 36동 318호,052-900-2331,bagjihyeon@example.net
황정호,16551,세종특별자치시 용산구 잠실거리 109-40,민수김빌라 라동 447호,010-9079-7781,gcoe@example.net
박은주,36633,광주광역시 은평구 개포3거리 954-86,순옥이박빌라,053-121-9337,ogsungu@example.com
박은경,37795,광주광역시 광진구 서초대가 221 (상현심이리),정희박김타운 A동 455호,033-241-6665,junhogim@example.org
강시우,51162,세종특별자치시 은평구 테헤란3로 242 (영길이김마을),경자윤마을,043-861-0150,lgim@example.com
이재호,26129,대구광역시 중랑구 잠실4길 336,영미손김타운,010-0864-6424,bagyeongho@example.org
안시우,18603,제주특별자치도 동해시 석촌호수길 339,민지이권아파트 라동 561호,02-6229-9607,gyeongja26@example.net
이민석,13255,전라남도 청주시 상당구 영동대944가 598-48 (서윤권김동),서윤최김빌라 869호,063-084-0454,gangyeongsu@example.com
박성훈,10188,경상북도 연천군 역삼648거리 264,옥자이마을 156호,064-789-6253,jeongho51@example.com
이순옥,44705,제주특별자치도 화성시 잠실81가 1-7,지은노타운 T동 867호,070-2653-0168,jaehogim@example.net
최병철,70577,울산광역시 강서구 개포467가 지하511 (옥자김읍),은경김아파트 L동 306호,032-976-7603,jimini@example.com
홍유진,06522,충청남도 여주시 삼성가 683,승현임아파트,032-211-6520,jihugim@example.com
이하은,48791,울산광역시 서대문구 오금1로 977,우진황허연립 X동 799호,016-604-3168,yejin82@example.com
심지후,73694,광주광역시 성동구 언주69길 879 (경자권읍),준서류이타운 다동 756호,051-000-0973,byeongceol11@example.net
김지원,80299,대전광역시 강남구 논현3거리 486-94,지민김마을 502호,041-126-9940,imsangho@example.net
류보람,71552,대구광역시 강남구 도산대길 306 (지아백김리),영미백연립 365호,019-932-5182,dohyeonbag@example.org
이서준,43996,전라북도 수원시 석촌호수가 993,병철노배타워 624호,061-927-5248,cgim@example.com
류영호,08943,광주광역시 송파구 압구정5거리 393 (은서김리),현주이타워 49동 744호,055-419-0686,sangho55@example.org
송영철,04479,서울특별시 성북구 백제고분가 696 (서현노박읍),경자김마을 U동 764호,064-727-8693,idohyeon@example.org
김서현,16281,세종특별자치시 광진구 언주10가 28-27,채원이서아파트 222호,032-272-5810,si@example.net
이영순,21440,광주광역시 도봉구 백제고분거리 지하120 (영철송읍),상현박최마을 L동 994호,062-098-5056,jieun08@example.net
김병철,92155,강원도 옥천군 역삼거리 910,미경이송빌라 612호,052-609-4228,junhyeogbag@example.org
고영진,79729,울산광역시 용산구 석촌호수6가 712-45 (지연김김리),하은김빌라 936호,043-004-8082,yejun75@example.net
박현우,38655,광주광역시 노원구 반포대0가 743-94 (영길김김읍),순옥이연립 S동 602호,019-628-6023,yeongjagim@example.net
김현숙,39200,전라남도 삼척시 잠실6로 502,정훈손이마을,02-2394-4201,zbag@example.net
최동현,68955,서울특별시 노원구 선릉거리 103 (옥자배리),정호김김연립 D동 946호,033-361-8503,gyeongsughwang@example.com
김예원,59426,대구광역시 양천구 도산대거리 786-54,준호권빌라,070-3296-1533,yeongsun72@example.org
안미경,28683,광주광역시 마포구 오금758로 979-26,하은김빌라 190호,063-762-8268,qbag@example.com
김민수,41014,충청북도 증평군 봉은사가 975,혜진백손연립,033-673-6942,yeongjingim@example.org
김서영,13690,울산광역시 도봉구 잠실25거리 866,은영김김마을,044-561-5714,seoyeon74@example.com
박예지,07108,부산광역시 도봉구 서초중앙30가 667-40,영숙김아파트 G동 736호,019-056-7598,ijihye@example.com
김미경,66056,대구광역시 양천구 도산대844거리 72,민지김김타워 823호,033-104-3663,ieungyeong@example.net
최은영,27175,대구광역시 마포구 역삼1로 880-79 (예원황리),성훈이타운,011-734-0509,jiyeonbag@example.org
김지연,04621,부산광역시 서대문구 강남대로 239,예은서빌라,019-802-4472,ygim@example.net
김경숙,29162,인천광역시 서초구 석촌호수42가 967 (영일박읍),영환이빌라 464호,042-902-6060,gweonjimin@example.com
구민수,83902,부산광역시 은평구 잠실84길 86-65 (영자박전읍),하윤이심빌라 361호,043-534-8982,jgim@example.org
황영수,12266,서울특별시 관악구 학동783길 341-31,병철최아파트 614호,043-166-4229,bagyeongsun@example.net
이준호,23125,전라북도 성남시 중원구 오금7길 905 (민수김장동),준호송김아파트,010-5329-0369,ki@example.com
김수민,64669,충청북도 제천시 언주거리 798,영호이서타운,051-140-6121,hyeonjungim@example.net
김예지,37087,경상북도 부천시 오정구 양재천길 220 (영호지하리),중수김마을 552호,019-620-9960,zo@example.net
박수민,42687,충청북도 영동군 서초중앙6거리 288-33 (성현최구마을),재호김황타운 L동 346호,055-601-4454,iyeeun@example.net
이윤서,51478,충청북도 군포시 서초대로 132-77 (상현심읍),지아박장타운,017-780-0357,junyeongjang@example.com
하정식,18879,경기도 평택시 선릉로 145 (경숙홍장리),준서강이아파트 H동 918호,017-608-7604,byeongceol30@example.com
김명숙,79141,경상남도 의왕시 백제고분가 358-14 (미숙한박동),서현이박타워 743동 725호,053-846-2746,rcoe@example.net
김민준,34839,전라남도 안산시 단원구 잠실가 948 (민준홍이면),경수이타운 782호,043-358-2607,seonghunmun@example.org
김예원,12189,충청남도 안산시 상록구 강남대30거리 694-22,주원오윤타워 R동 322호,064-752-7609,sheo@example.net
박정자,92590,경기도 성남시 수정구 양재천가 214-71 (상훈서이리),예원권한아파트,019-222-5742,seongsu94@example.com
김정수,95110,경상북도 시흥시 선릉4가 125 (아름황리),민지남박아파트 011호,062-680-8489,ugim@example.org
김은지,65957,울산광역시 종로구 반포대로 400-52 (수민김리),현지고타워 157호,055-265-6405,coegyeongsu@example.net
송서윤,80539,광주광역시 서초구 학동9거리 498-55 (은지고안면),예진이한아파트 011호,061-712-7575,bagseojun@example.com
이진호,30784,세종특별자치시 광진구 봉은사8로 713 (진우송읍),은경오빌라 951호,042-236-2119,jihuni@example.com
박현준,85343,부산광역시 강남구 역삼거리 지하659,정수김연립 254호,011-210-7138,ujin90@example.net
김준호,30297,인천광역시 강북구 반포대길 432-66,영진이황타워 158호,043-021-0252,dsong@example.com
이서연,71992,전라남도 의정부시 개포로 219-41 (병철허김리),상훈주마을 Z동 943호,033-770-7748,dgim@example.net
이현숙,18286,강원도 예산군 선릉9가 880,선영권홍아파트 C동 008호,064-731-5992,jiyeongi@example.com
이아름,10348,울산광역시 도봉구 개포거리 347 (영철안이읍),서영류김아파트 바동 803호,052-782-4501,gyeonghyibag@example.org
박지우,01540,부산광역시 노원구 학동거리 지하322 (지후장마을),영수남윤연립 273호,042-898-0501,agang@example.net
서서윤,22464,경기도 삼척시 봉은사거리 지하406 (성현강박동),영숙한타워,055-627-0197,jeongja94@example.org
고명자,80230,강원도 성남시 중원구 삼성7거리 90-23 (서영김하동),지현강마을 Q동 868호,016-350-3478,iyunseo@example.net
박상호,45359,광주광역시 송파구 반포대거리 35 (지우김김읍),우진한아파트 989호,043-448-8667,mseo@example.com
김지민,35781,전라남도 성남시 분당구 강남대4길 828 (정남김동),준호권연립,011-646-2341,jaehojang@example.net
